file,line,type,commit,author,date,time,timezone,datetime,depth,length
style.css,1,css,43923e42,Coco-Juice,2025-10-07,18:47:13,-07:00,2025-10-07T18:47:13-07:00,0,2
style.css,2,css,43923e42,Coco-Juice,2025-10-07,18:47:13,-07:00,2025-10-07T18:47:13-07:00,0,43
style.css,3,css,43923e42,Coco-Juice,2025-10-07,18:47:13,-07:00,2025-10-07T18:47:13-07:00,0,30
style.css,4,css,0116278a,Coco-Juice,2025-10-15,11:39:56,-07:00,2025-10-15T11:39:56-07:00,0,15
style.css,5,css,43923e42,Coco-Juice,2025-10-07,18:47:13,-07:00,2025-10-07T18:47:13-07:00,0,0
style.css,6,css,43923e42,Coco-Juice,2025-10-07,18:47:13,-07:00,2025-10-07T18:47:13-07:00,0,0
style.css,7,css,505a6399,Coco-Juice,2025-09-29,12:35:49,-07:00,2025-09-29T12:35:49-07:00,0,2
style.css,8,css,505a6399,Coco-Juice,2025-09-29,12:35:49,-07:00,2025-09-29T12:35:49-07:00,0,41
style.css,9,css,505a6399,Coco-Juice,2025-09-29,12:35:49,-07:00,2025-09-29T12:35:49-07:00,0,40
style.css,10,css,505a6399,Coco-Juice,2025-09-29,12:35:49,-07:00,2025-09-29T12:35:49-07:00,0,0
style.css,11,css,505a6399,Coco-Juice,2025-09-29,12:35:49,-07:00,2025-09-29T12:35:49-07:00,0,21
style.css,12,css,4373a1a9,Coco-Juice,2025-10-08,18:38:12,-07:00,2025-10-08T18:38:12-07:00,0,13
style.css,13,css,4373a1a9,Coco-Juice,2025-10-08,18:38:12,-07:00,2025-10-08T18:38:12-07:00,0,40
style.css,14,css,4373a1a9,Coco-Juice,2025-10-08,18:38:12,-07:00,2025-10-08T18:38:12-07:00,0,10
style.css,15,css,01bb70ca,Coco-Juice,2025-10-07,18:33:11,-07:00,2025-10-07T18:33:11-07:00,0,0
style.css,16,css,01bb70ca,Coco-Juice,2025-10-07,18:33:11,-07:00,2025-10-07T18:33:11-07:00,0,0
style.css,17,css,446e8541,Coco-Juice,2025-10-31,10:13:48,-07:00,2025-10-31T10:13:48-07:00,0,16
style.css,18,css,446e8541,Coco-Juice,2025-10-31,10:13:48,-07:00,2025-10-31T10:13:48-07:00,0,0
style.css,19,css,01bb70ca,Coco-Juice,2025-10-07,18:33:11,-07:00,2025-10-07T18:33:11-07:00,0,1
style.css,20,css,0116278a,Coco-Juice,2025-10-15,11:39:56,-07:00,2025-10-15T11:39:56-07:00,0,37
style.css,21,css,01bb70ca,Coco-Juice,2025-10-07,18:33:11,-07:00,2025-10-07T18:33:11-07:00,0,10
style.css,22,css,3bc47a31,Coco-Juice,2025-10-07,18:42:19,-07:00,2025-10-07T18:42:19-07:00,0,16
style.css,23,css,3bc47a31,Coco-Juice,2025-10-07,18:42:19,-07:00,2025-10-07T18:42:19-07:00,0,21
style.css,24,css,3bc47a31,Coco-Juice,2025-10-07,18:42:19,-07:00,2025-10-07T18:42:19-07:00,0,23
style.css,25,css,0116278a,Coco-Juice,2025-10-15,11:39:56,-07:00,2025-10-15T11:39:56-07:00,0,37
style.css,26,css,6cd9d2fc,Coco-Juice,2025-10-15,14:44:28,-07:00,2025-10-15T14:44:28-07:00,0,0
style.css,27,css,6cd9d2fc,Coco-Juice,2025-10-15,14:44:28,-07:00,2025-10-15T14:44:28-07:00,0,4
style.css,28,css,6cd9d2fc,Coco-Juice,2025-10-15,14:44:28,-07:00,2025-10-15T14:44:28-07:00,0,18
style.css,29,css,6cd9d2fc,Coco-Juice,2025-10-15,14:44:28,-07:00,2025-10-15T14:44:28-07:00,0,11
style.css,30,css,6cd9d2fc,Coco-Juice,2025-10-15,14:44:28,-07:00,2025-10-15T14:44:28-07:00,0,15
style.css,31,css,6cd9d2fc,Coco-Juice,2025-10-15,14:44:28,-07:00,2025-10-15T14:44:28-07:00,0,11
style.css,32,css,6cd9d2fc,Coco-Juice,2025-10-15,14:44:28,-07:00,2025-10-15T14:44:28-07:00,0,0
style.css,33,css,3bc47a31,Coco-Juice,2025-10-07,18:42:19,-07:00,2025-10-07T18:42:19-07:00,0,0
style.css,34,css,3bc47a31,Coco-Juice,2025-10-07,18:42:19,-07:00,2025-10-07T18:42:19-07:00,0,0
style.css,35,css,3bc47a31,Coco-Juice,2025-10-07,18:42:19,-07:00,2025-10-07T18:42:19-07:00,0,7
style.css,36,css,3bc47a31,Coco-Juice,2025-10-07,18:42:19,-07:00,2025-10-07T18:42:19-07:00,0,17
style.css,37,css,3bc47a31,Coco-Juice,2025-10-07,18:42:19,-07:00,2025-10-07T18:42:19-07:00,0,23
style.css,38,css,3bc47a31,Coco-Juice,2025-10-07,18:42:19,-07:00,2025-10-07T18:42:19-07:00,0,23
style.css,39,css,3bc47a31,Coco-Juice,2025-10-07,18:42:19,-07:00,2025-10-07T18:42:19-07:00,0,48
style.css,40,css,01bb70ca,Coco-Juice,2025-10-07,18:33:11,-07:00,2025-10-07T18:33:11-07:00,0,0
style.css,41,css,01bb70ca,Coco-Juice,2025-10-07,18:33:11,-07:00,2025-10-07T18:33:11-07:00,0,0
style.css,42,css,43923e42,Coco-Juice,2025-10-07,18:47:13,-07:00,2025-10-07T18:47:13-07:00,0,5
style.css,43,css,43923e42,Coco-Juice,2025-10-07,18:47:13,-07:00,2025-10-07T18:47:13-07:00,0,17
style.css,44,css,43923e42,Coco-Juice,2025-10-07,18:47:13,-07:00,2025-10-07T18:47:13-07:00,0,23
style.css,45,css,43923e42,Coco-Juice,2025-10-07,18:47:13,-07:00,2025-10-07T18:47:13-07:00,0,23
style.css,46,css,43923e42,Coco-Juice,2025-10-07,18:47:13,-07:00,2025-10-07T18:47:13-07:00,0,37
style.css,47,css,0116278a,Coco-Juice,2025-10-15,11:39:56,-07:00,2025-10-15T11:39:56-07:00,0,67
style.css,48,css,43923e42,Coco-Juice,2025-10-07,18:47:13,-07:00,2025-10-07T18:47:13-07:00,0,0
style.css,49,css,43923e42,Coco-Juice,2025-10-07,18:47:13,-07:00,2025-10-07T18:47:13-07:00,0,0
style.css,50,css,446e8541,Coco-Juice,2025-10-31,10:13:48,-07:00,2025-10-31T10:13:48-07:00,0,18
style.css,51,css,446e8541,Coco-Juice,2025-10-31,10:13:48,-07:00,2025-10-31T10:13:48-07:00,0,0
style.css,52,css,0b4a6bff,Coco-Juice,2025-10-15,14:02:08,-07:00,2025-10-15T14:02:08-07:00,0,16
style.css,53,css,0b4a6bff,Coco-Juice,2025-10-15,14:02:08,-07:00,2025-10-15T14:02:08-07:00,0,15
style.css,54,css,0b4a6bff,Coco-Juice,2025-10-15,14:02:08,-07:00,2025-10-15T14:02:08-07:00,0,6
style.css,55,css,0b4a6bff,Coco-Juice,2025-10-15,14:02:08,-07:00,2025-10-15T14:02:08-07:00,0,8
style.css,56,css,0b4a6bff,Coco-Juice,2025-10-15,14:02:08,-07:00,2025-10-15T14:02:08-07:00,0,10
style.css,57,css,0b4a6bff,Coco-Juice,2025-10-15,14:02:08,-07:00,2025-10-15T14:02:08-07:00,0,11
style.css,58,css,0b4a6bff,Coco-Juice,2025-10-15,14:02:08,-07:00,2025-10-15T14:02:08-07:00,0,0
style.css,59,css,0b4a6bff,Coco-Juice,2025-10-15,14:02:08,-07:00,2025-10-15T14:02:08-07:00,0,0
style.css,60,css,446e8541,Coco-Juice,2025-10-31,10:13:48,-07:00,2025-10-31T10:13:48-07:00,0,14
style.css,61,css,446e8541,Coco-Juice,2025-10-31,10:13:48,-07:00,2025-10-31T10:13:48-07:00,0,0
style.css,62,css,9eaea951,Coco-Juice,2025-10-22,13:00:42,-07:00,2025-10-22T13:00:42-07:00,0,12
style.css,63,css,9eaea951,Coco-Juice,2025-10-22,13:00:42,-07:00,2025-10-22T13:00:42-07:00,0,14
style.css,64,css,9eaea951,Coco-Juice,2025-10-22,13:00:42,-07:00,2025-10-22T13:00:42-07:00,0,12
style.css,65,css,9eaea951,Coco-Juice,2025-10-22,13:00:42,-07:00,2025-10-22T13:00:42-07:00,0,13
style.css,66,css,9eaea951,Coco-Juice,2025-10-22,13:00:42,-07:00,2025-10-22T13:00:42-07:00,0,16
style.css,67,css,9eaea951,Coco-Juice,2025-10-22,13:00:42,-07:00,2025-10-22T13:00:42-07:00,0,16
style.css,68,css,9eaea951,Coco-Juice,2025-10-22,13:00:42,-07:00,2025-10-22T13:00:42-07:00,0,39
style.css,69,css,9eaea951,Coco-Juice,2025-10-22,13:00:42,-07:00,2025-10-22T13:00:42-07:00,0,15
style.css,70,css,9eaea951,Coco-Juice,2025-10-22,13:00:42,-07:00,2025-10-22T13:00:42-07:00,0,31
style.css,71,css,9eaea951,Coco-Juice,2025-10-22,13:00:42,-07:00,2025-10-22T13:00:42-07:00,0,0
style.css,72,css,9eaea951,Coco-Juice,2025-10-22,13:00:42,-07:00,2025-10-22T13:00:42-07:00,0,0
style.css,73,css,9eaea951,Coco-Juice,2025-10-22,13:00:42,-07:00,2025-10-22T13:00:42-07:00,0,15
style.css,74,css,9eaea951,Coco-Juice,2025-10-22,13:00:42,-07:00,2025-10-22T13:00:42-07:00,0,14
style.css,75,css,9eaea951,Coco-Juice,2025-10-22,13:00:42,-07:00,2025-10-22T13:00:42-07:00,0,16
style.css,76,css,9eaea951,Coco-Juice,2025-10-22,13:00:42,-07:00,2025-10-22T13:00:42-07:00,0,8
style.css,77,css,9eaea951,Coco-Juice,2025-10-22,13:00:42,-07:00,2025-10-22T13:00:42-07:00,0,0
style.css,78,css,9eaea951,Coco-Juice,2025-10-22,13:00:42,-07:00,2025-10-22T13:00:42-07:00,0,0
style.css,79,css,9eaea951,Coco-Juice,2025-10-22,13:00:42,-07:00,2025-10-22T13:00:42-07:00,0,15
style.css,80,css,9eaea951,Coco-Juice,2025-10-22,13:00:42,-07:00,2025-10-22T13:00:42-07:00,0,10
style.css,81,css,9eaea951,Coco-Juice,2025-10-22,13:00:42,-07:00,2025-10-22T13:00:42-07:00,0,34
style.css,82,css,9eaea951,Coco-Juice,2025-10-22,13:00:42,-07:00,2025-10-22T13:00:42-07:00,0,8
style.css,83,css,9eaea951,Coco-Juice,2025-10-22,13:00:42,-07:00,2025-10-22T13:00:42-07:00,0,6
style.css,84,css,9eaea951,Coco-Juice,2025-10-22,13:00:42,-07:00,2025-10-22T13:00:42-07:00,0,7
style.css,85,css,9eaea951,Coco-Juice,2025-10-22,13:00:42,-07:00,2025-10-22T13:00:42-07:00,0,0
style.css,86,css,9eaea951,Coco-Juice,2025-10-22,13:00:42,-07:00,2025-10-22T13:00:42-07:00,0,0
style.css,87,css,9eaea951,Coco-Juice,2025-10-22,13:00:42,-07:00,2025-10-22T13:00:42-07:00,0,15
style.css,88,css,9eaea951,Coco-Juice,2025-10-22,13:00:42,-07:00,2025-10-22T13:00:42-07:00,0,8
style.css,89,css,9eaea951,Coco-Juice,2025-10-22,13:00:42,-07:00,2025-10-22T13:00:42-07:00,0,13
style.css,90,css,9eaea951,Coco-Juice,2025-10-22,13:00:42,-07:00,2025-10-22T13:00:42-07:00,0,8
style.css,91,css,9eaea951,Coco-Juice,2025-10-22,13:00:42,-07:00,2025-10-22T13:00:42-07:00,0,0
style.css,92,css,9eaea951,Coco-Juice,2025-10-22,13:00:42,-07:00,2025-10-22T13:00:42-07:00,0,0
style.css,93,css,9eaea951,Coco-Juice,2025-10-22,13:00:42,-07:00,2025-10-22T13:00:42-07:00,0,15
style.css,94,css,9eaea951,Coco-Juice,2025-10-22,13:00:42,-07:00,2025-10-22T13:00:42-07:00,0,8
style.css,95,css,9eaea951,Coco-Juice,2025-10-22,13:00:42,-07:00,2025-10-22T13:00:42-07:00,0,6
style.css,96,css,9eaea951,Coco-Juice,2025-10-22,13:00:42,-07:00,2025-10-22T13:00:42-07:00,0,14
style.css,97,css,9eaea951,Coco-Juice,2025-10-22,13:00:42,-07:00,2025-10-22T13:00:42-07:00,0,11
style.css,98,css,9eaea951,Coco-Juice,2025-10-22,13:00:42,-07:00,2025-10-22T13:00:42-07:00,0,0
style.css,99,css,9eaea951,Coco-Juice,2025-10-22,13:00:42,-07:00,2025-10-22T13:00:42-07:00,0,0
style.css,100,css,9b56cfee,Coco-Juice,2025-10-08,21:55:04,-07:00,2025-10-08T21:55:04-07:00,0,0
style.css,101,css,9b56cfee,Coco-Juice,2025-10-08,21:55:04,-07:00,2025-10-08T21:55:04-07:00,0,3
style.css,102,css,9b56cfee,Coco-Juice,2025-10-08,21:55:04,-07:00,2025-10-08T21:55:04-07:00,0,0
style.css,103,css,9b56cfee,Coco-Juice,2025-10-08,21:55:04,-07:00,2025-10-08T21:55:04-07:00,0,0
style.css,104,css,8f94c018,Coco-Juice,2025-10-07,19:49:35,-07:00,2025-10-07T19:49:35-07:00,0,2
style.css,105,css,8f94c018,Coco-Juice,2025-10-07,19:49:35,-07:00,2025-10-07T19:49:35-07:00,0,10
style.css,106,css,8f94c018,Coco-Juice,2025-10-07,19:49:35,-07:00,2025-10-07T19:49:35-07:00,0,28
style.css,107,css,8f94c018,Coco-Juice,2025-10-07,19:49:35,-07:00,2025-10-07T19:49:35-07:00,0,5
style.css,108,css,fdd657db,Coco-Juice,2025-10-07,19:10:48,-07:00,2025-10-07T19:10:48-07:00,0,0
style.css,109,css,001cb8e2,Coco-Juice,2025-10-10,22:21:52,-07:00,2025-10-10T22:21:52-07:00,0,2
style.css,110,css,001cb8e2,Coco-Juice,2025-10-10,22:21:52,-07:00,2025-10-10T22:21:52-07:00,1,27
style.css,111,css,429fd521,Coco-Juice,2025-10-08,17:59:56,-07:00,2025-10-08T17:59:56-07:00,1,10
style.css,112,css,429fd521,Coco-Juice,2025-10-08,17:59:56,-07:00,2025-10-08T17:59:56-07:00,0,0
style.css,113,css,429fd521,Coco-Juice,2025-10-08,17:59:56,-07:00,2025-10-08T17:59:56-07:00,0,0
style.css,114,css,8f94c018,Coco-Juice,2025-10-07,19:49:35,-07:00,2025-10-07T19:49:35-07:00,0,21
style.css,115,css,8f94c018,Coco-Juice,2025-10-07,19:49:35,-07:00,2025-10-07T19:49:35-07:00,1,10
style.css,116,css,8f94c018,Coco-Juice,2025-10-07,19:49:35,-07:00,2025-10-07T19:49:35-07:00,0,0
style.css,117,css,4373a1a9,Coco-Juice,2025-10-08,18:38:12,-07:00,2025-10-08T18:38:12-07:00,0,0
style.css,118,css,001cb8e2,Coco-Juice,2025-10-10,22:21:52,-07:00,2025-10-10T22:21:52-07:00,0,4
style.css,119,css,001cb8e2,Coco-Juice,2025-10-10,22:21:52,-07:00,2025-10-10T22:21:52-07:00,0,16
style.css,120,css,001cb8e2,Coco-Juice,2025-10-10,22:21:52,-07:00,2025-10-10T22:21:52-07:00,0,18
style.css,121,css,001cb8e2,Coco-Juice,2025-10-10,22:21:52,-07:00,2025-10-10T22:21:52-07:00,0,0
style.css,122,css,4373a1a9,Coco-Juice,2025-10-08,18:38:12,-07:00,2025-10-08T18:38:12-07:00,0,0
style.css,123,css,9b56cfee,Coco-Juice,2025-10-08,21:55:04,-07:00,2025-10-08T21:55:04-07:00,0,0
style.css,124,css,9b56cfee,Coco-Juice,2025-10-08,21:55:04,-07:00,2025-10-08T21:55:04-07:00,0,3
style.css,125,css,9b56cfee,Coco-Juice,2025-10-08,21:55:04,-07:00,2025-10-08T21:55:04-07:00,0,0
style.css,126,css,9b56cfee,Coco-Juice,2025-10-08,21:55:04,-07:00,2025-10-08T21:55:04-07:00,0,0
style.css,127,css,4373a1a9,Coco-Juice,2025-10-08,18:38:12,-07:00,2025-10-08T18:38:12-07:00,0,7
style.css,128,css,4373a1a9,Coco-Juice,2025-10-08,18:38:12,-07:00,2025-10-08T18:38:12-07:00,0,10
style.css,129,css,4373a1a9,Coco-Juice,2025-10-08,18:38:12,-07:00,2025-10-08T18:38:12-07:00,0,56
style.css,130,css,4373a1a9,Coco-Juice,2025-10-08,18:38:12,-07:00,2025-10-08T18:38:12-07:00,0,5
style.css,131,css,4373a1a9,Coco-Juice,2025-10-08,18:38:12,-07:00,2025-10-08T18:38:12-07:00,0,0
style.css,132,css,4373a1a9,Coco-Juice,2025-10-08,18:38:12,-07:00,2025-10-08T18:38:12-07:00,0,0
style.css,133,css,4373a1a9,Coco-Juice,2025-10-08,18:38:12,-07:00,2025-10-08T18:38:12-07:00,0,14
style.css,134,css,4373a1a9,Coco-Juice,2025-10-08,18:38:12,-07:00,2025-10-08T18:38:12-07:00,0,24
style.css,135,css,4373a1a9,Coco-Juice,2025-10-08,18:38:12,-07:00,2025-10-08T18:38:12-07:00,0,13
style.css,136,css,4373a1a9,Coco-Juice,2025-10-08,18:38:12,-07:00,2025-10-08T18:38:12-07:00,0,0
style.css,137,css,4373a1a9,Coco-Juice,2025-10-08,18:38:12,-07:00,2025-10-08T18:38:12-07:00,0,0
style.css,138,css,4373a1a9,Coco-Juice,2025-10-08,18:38:12,-07:00,2025-10-08T18:38:12-07:00,1,6
style.css,139,css,4373a1a9,Coco-Juice,2025-10-08,18:38:12,-07:00,2025-10-08T18:38:12-07:00,0,0
style.css,140,css,17a5fac2,Coco-Juice,2025-10-08,18:42:26,-07:00,2025-10-08T18:42:26-07:00,0,0
style.css,141,css,17a5fac2,Coco-Juice,2025-10-08,18:42:26,-07:00,2025-10-08T18:42:26-07:00,0,0
style.css,142,css,17a5fac2,Coco-Juice,2025-10-08,18:42:26,-07:00,2025-10-08T18:42:26-07:00,0,0
style.css,143,css,17a5fac2,Coco-Juice,2025-10-08,18:42:26,-07:00,2025-10-08T18:42:26-07:00,0,12
style.css,144,css,17a5fac2,Coco-Juice,2025-10-08,18:42:26,-07:00,2025-10-08T18:42:26-07:00,0,0
style.css,145,css,17a5fac2,Coco-Juice,2025-10-08,18:42:26,-07:00,2025-10-08T18:42:26-07:00,0,0
style.css,146,css,17a5fac2,Coco-Juice,2025-10-08,18:42:26,-07:00,2025-10-08T18:42:26-07:00,0,20
style.css,147,css,17a5fac2,Coco-Juice,2025-10-08,18:42:26,-07:00,2025-10-08T18:42:26-07:00,0,13
style.css,148,css,17a5fac2,Coco-Juice,2025-10-08,18:42:26,-07:00,2025-10-08T18:42:26-07:00,0,15
style.css,149,css,9b56cfee,Coco-Juice,2025-10-08,21:55:04,-07:00,2025-10-08T21:55:04-07:00,0,0
style.css,150,css,9b56cfee,Coco-Juice,2025-10-08,21:55:04,-07:00,2025-10-08T21:55:04-07:00,0,0
style.css,151,css,446e8541,Coco-Juice,2025-10-31,10:13:48,-07:00,2025-10-31T10:13:48-07:00,0,11
style.css,152,css,446e8541,Coco-Juice,2025-10-31,10:13:48,-07:00,2025-10-31T10:13:48-07:00,0,0
style.css,153,css,187a418d,Coco-Juice,2025-10-27,14:51:16,-07:00,2025-10-27T14:51:16-07:00,0,16
style.css,154,css,187a418d,Coco-Juice,2025-10-27,14:51:16,-07:00,2025-10-27T14:51:16-07:00,0,12
style.css,155,css,187a418d,Coco-Juice,2025-10-27,14:51:16,-07:00,2025-10-27T14:51:16-07:00,0,14
style.css,156,css,187a418d,Coco-Juice,2025-10-27,14:51:16,-07:00,2025-10-27T14:51:16-07:00,0,0
style.css,157,css,187a418d,Coco-Juice,2025-10-27,14:51:16,-07:00,2025-10-27T14:51:16-07:00,0,14
style.css,158,css,187a418d,Coco-Juice,2025-10-27,14:51:16,-07:00,2025-10-27T14:51:16-07:00,0,0
style.css,159,css,187a418d,Coco-Juice,2025-10-27,14:51:16,-07:00,2025-10-27T14:51:16-07:00,0,0
style.css,160,css,dc8c0722,Coco-Juice,2025-10-27,15:09:54,-07:00,2025-10-27T15:09:54-07:00,0,8
style.css,161,css,dc8c0722,Coco-Juice,2025-10-27,15:09:54,-07:00,2025-10-27T15:09:54-07:00,0,10
style.css,162,css,dc8c0722,Coco-Juice,2025-10-27,15:09:54,-07:00,2025-10-27T15:09:54-07:00,0,16
style.css,163,css,dc8c0722,Coco-Juice,2025-10-27,15:09:54,-07:00,2025-10-27T15:09:54-07:00,0,5
style.css,164,css,dc8c0722,Coco-Juice,2025-10-27,15:09:54,-07:00,2025-10-27T15:09:54-07:00,0,0
style.css,165,css,dc8c0722,Coco-Juice,2025-10-27,15:09:54,-07:00,2025-10-27T15:09:54-07:00,0,0
style.css,166,css,446e8541,Coco-Juice,2025-10-31,10:13:48,-07:00,2025-10-31T10:13:48-07:00,0,18
style.css,167,css,446e8541,Coco-Juice,2025-10-31,10:13:48,-07:00,2025-10-31T10:13:48-07:00,0,0
style.css,168,css,dc8c0722,Coco-Juice,2025-10-27,15:09:54,-07:00,2025-10-27T15:09:54-07:00,0,5
style.css,169,css,dc8c0722,Coco-Juice,2025-10-27,15:09:54,-07:00,2025-10-27T15:09:54-07:00,0,10
style.css,170,css,dc8c0722,Coco-Juice,2025-10-27,15:09:54,-07:00,2025-10-27T15:09:54-07:00,0,55
style.css,171,css,dc8c0722,Coco-Juice,2025-10-27,15:09:54,-07:00,2025-10-27T15:09:54-07:00,0,5
style.css,172,css,dc8c0722,Coco-Juice,2025-10-27,15:09:54,-07:00,2025-10-27T15:09:54-07:00,0,19
style.css,173,css,dc8c0722,Coco-Juice,2025-10-27,15:09:54,-07:00,2025-10-27T15:09:54-07:00,0,17
style.css,174,css,dc8c0722,Coco-Juice,2025-10-27,15:09:54,-07:00,2025-10-27T15:09:54-07:00,0,9
style.css,175,css,dc8c0722,Coco-Juice,2025-10-27,15:09:54,-07:00,2025-10-27T15:09:54-07:00,0,12
style.css,176,css,dc8c0722,Coco-Juice,2025-10-27,15:09:54,-07:00,2025-10-27T15:09:54-07:00,0,16
style.css,177,css,dc8c0722,Coco-Juice,2025-10-27,15:09:54,-07:00,2025-10-27T15:09:54-07:00,0,4
style.css,178,css,dc8c0722,Coco-Juice,2025-10-27,15:09:54,-07:00,2025-10-27T15:09:54-07:00,0,0
style.css,179,css,dc8c0722,Coco-Juice,2025-10-27,15:09:54,-07:00,2025-10-27T15:09:54-07:00,0,0
style.css,180,css,dc8c0722,Coco-Juice,2025-10-27,15:09:54,-07:00,2025-10-27T15:09:54-07:00,0,10
style.css,181,css,dc8c0722,Coco-Juice,2025-10-27,15:09:54,-07:00,2025-10-27T15:09:54-07:00,0,10
style.css,182,css,dc8c0722,Coco-Juice,2025-10-27,15:09:54,-07:00,2025-10-27T15:09:54-07:00,0,16
style.css,183,css,dc8c0722,Coco-Juice,2025-10-27,15:09:54,-07:00,2025-10-27T15:09:54-07:00,0,7
style.css,184,css,dc8c0722,Coco-Juice,2025-10-27,15:09:54,-07:00,2025-10-27T15:09:54-07:00,0,20
style.css,185,css,dc8c0722,Coco-Juice,2025-10-27,15:09:54,-07:00,2025-10-27T15:09:54-07:00,0,0
style.css,186,css,dc8c0722,Coco-Juice,2025-10-27,15:09:54,-07:00,2025-10-27T15:09:54-07:00,0,0
style.css,187,css,dc8c0722,Coco-Juice,2025-10-27,15:09:54,-07:00,2025-10-27T15:09:54-07:00,0,18
style.css,188,css,dc8c0722,Coco-Juice,2025-10-27,15:09:54,-07:00,2025-10-27T15:09:54-07:00,0,7
style.css,189,css,dc8c0722,Coco-Juice,2025-10-27,15:09:54,-07:00,2025-10-27T15:09:54-07:00,0,8
style.css,190,css,dc8c0722,Coco-Juice,2025-10-27,15:09:54,-07:00,2025-10-27T15:09:54-07:00,0,27
style.css,191,css,dc8c0722,Coco-Juice,2025-10-27,15:09:54,-07:00,2025-10-27T15:09:54-07:00,0,15
style.css,192,css,dc8c0722,Coco-Juice,2025-10-27,15:09:54,-07:00,2025-10-27T15:09:54-07:00,0,18
style.css,193,css,dc8c0722,Coco-Juice,2025-10-27,15:09:54,-07:00,2025-10-27T15:09:54-07:00,0,0
style.css,194,css,dc8c0722,Coco-Juice,2025-10-27,15:09:54,-07:00,2025-10-27T15:09:54-07:00,0,0
style.css,195,css,2de18f7c,Coco-Juice,2025-10-29,13:52:33,-07:00,2025-10-29T13:52:33-07:00,0,15
style.css,196,css,2de18f7c,Coco-Juice,2025-10-29,13:52:33,-07:00,2025-10-29T13:52:33-07:00,0,14
style.css,197,css,2de18f7c,Coco-Juice,2025-10-29,13:52:33,-07:00,2025-10-29T13:52:33-07:00,1,9
style.css,198,css,2de18f7c,Coco-Juice,2025-10-29,13:52:33,-07:00,2025-10-29T13:52:33-07:00,0,0
style.css,199,css,2de18f7c,Coco-Juice,2025-10-29,13:52:33,-07:00,2025-10-29T13:52:33-07:00,0,0
style.css,200,css,2de18f7c,Coco-Juice,2025-10-29,13:52:33,-07:00,2025-10-29T13:52:33-07:00,0,0
style.css,201,css,446e8541,Coco-Juice,2025-10-31,10:13:48,-07:00,2025-10-31T10:13:48-07:00,0,34
style.css,202,css,446e8541,Coco-Juice,2025-10-31,10:13:48,-07:00,2025-10-31T10:13:48-07:00,0,0
style.css,203,css,2de18f7c,Coco-Juice,2025-10-29,13:52:33,-07:00,2025-10-29T13:52:33-07:00,0,7
style.css,204,css,2de18f7c,Coco-Juice,2025-10-29,13:52:33,-07:00,2025-10-29T13:52:33-07:00,0,22
style.css,205,css,2de18f7c,Coco-Juice,2025-10-29,13:52:33,-07:00,2025-10-29T13:52:33-07:00,0,0
style.css,206,css,2de18f7c,Coco-Juice,2025-10-29,13:52:33,-07:00,2025-10-29T13:52:33-07:00,0,8
style.css,207,css,2de18f7c,Coco-Juice,2025-10-29,13:52:33,-07:00,2025-10-29T13:52:33-07:00,1,26
style.css,208,css,2de18f7c,Coco-Juice,2025-10-29,13:52:33,-07:00,2025-10-29T13:52:33-07:00,0,0
style.css,209,css,2de18f7c,Coco-Juice,2025-10-29,13:52:33,-07:00,2025-10-29T13:52:33-07:00,0,0
style.css,210,css,2de18f7c,Coco-Juice,2025-10-29,13:52:33,-07:00,2025-10-29T13:52:33-07:00,0,0
style.css,211,css,2de18f7c,Coco-Juice,2025-10-29,13:52:33,-07:00,2025-10-29T13:52:33-07:00,0,27
style.css,212,css,47c7fac0,Coco-Juice,2025-10-29,14:09:25,-07:00,2025-10-29T14:09:25-07:00,0,31
style.css,213,css,2de18f7c,Coco-Juice,2025-10-29,13:52:33,-07:00,2025-10-29T13:52:33-07:00,0,0
style.css,214,css,2de18f7c,Coco-Juice,2025-10-29,13:52:33,-07:00,2025-10-29T13:52:33-07:00,0,0
style.css,215,css,2de18f7c,Coco-Juice,2025-10-29,13:52:33,-07:00,2025-10-29T13:52:33-07:00,0,2
style.css,216,css,2de18f7c,Coco-Juice,2025-10-29,13:52:33,-07:00,2025-10-29T13:52:33-07:00,0,14
style.css,217,css,2de18f7c,Coco-Juice,2025-10-29,13:52:33,-07:00,2025-10-29T13:52:33-07:00,0,12
style.css,218,css,2de18f7c,Coco-Juice,2025-10-29,13:52:33,-07:00,2025-10-29T13:52:33-07:00,0,0
style.css,219,css,2de18f7c,Coco-Juice,2025-10-29,13:52:33,-07:00,2025-10-29T13:52:33-07:00,0,0
style.css,220,css,446e8541,Coco-Juice,2025-10-31,10:13:48,-07:00,2025-10-31T10:13:48-07:00,0,12
style.css,221,css,446e8541,Coco-Juice,2025-10-31,10:13:48,-07:00,2025-10-31T10:13:48-07:00,0,0
style.css,222,css,446e8541,Coco-Juice,2025-10-31,10:13:48,-07:00,2025-10-31T10:13:48-07:00,0,8
style.css,223,css,446e8541,Coco-Juice,2025-10-31,10:13:48,-07:00,2025-10-31T10:13:48-07:00,0,11
style.css,224,css,446e8541,Coco-Juice,2025-10-31,10:13:48,-07:00,2025-10-31T10:13:48-07:00,0,8
style.css,225,css,446e8541,Coco-Juice,2025-10-31,10:13:48,-07:00,2025-10-31T10:13:48-07:00,0,13
style.css,226,css,446e8541,Coco-Juice,2025-10-31,10:13:48,-07:00,2025-10-31T10:13:48-07:00,0,15
style.css,227,css,446e8541,Coco-Juice,2025-10-31,10:13:48,-07:00,2025-10-31T10:13:48-07:00,0,15
style.css,228,css,446e8541,Coco-Juice,2025-10-31,10:13:48,-07:00,2025-10-31T10:13:48-07:00,0,12
style.css,229,css,446e8541,Coco-Juice,2025-10-31,10:13:48,-07:00,2025-10-31T10:13:48-07:00,0,17
style.css,230,css,446e8541,Coco-Juice,2025-10-31,10:13:48,-07:00,2025-10-31T10:13:48-07:00,0,0
style.css,231,css,446e8541,Coco-Juice,2025-10-31,10:13:48,-07:00,2025-10-31T10:13:48-07:00,0,8
style.css,232,css,446e8541,Coco-Juice,2025-10-31,10:13:48,-07:00,2025-10-31T10:13:48-07:00,0,19
style.css,233,css,446e8541,Coco-Juice,2025-10-31,10:13:48,-07:00,2025-10-31T10:13:48-07:00,0,19
style.css,234,css,446e8541,Coco-Juice,2025-10-31,10:13:48,-07:00,2025-10-31T10:13:48-07:00,0,15
style.css,235,css,446e8541,Coco-Juice,2025-10-31,10:13:48,-07:00,2025-10-31T10:13:48-07:00,0,10
style.css,236,css,446e8541,Coco-Juice,2025-10-31,10:13:48,-07:00,2025-10-31T10:13:48-07:00,0,0
style.css,237,css,446e8541,Coco-Juice,2025-10-31,10:13:48,-07:00,2025-10-31T10:13:48-07:00,0,38
style.css,238,css,446e8541,Coco-Juice,2025-10-31,10:13:48,-07:00,2025-10-31T10:13:48-07:00,0,23
style.css,239,css,446e8541,Coco-Juice,2025-10-31,10:13:48,-07:00,2025-10-31T10:13:48-07:00,0,0
style.css,240,css,446e8541,Coco-Juice,2025-10-31,10:13:48,-07:00,2025-10-31T10:13:48-07:00,0,0
style.css,241,css,9b56cfee,Coco-Juice,2025-10-08,21:55:04,-07:00,2025-10-08T21:55:04-07:00,0,0
style.css,242,css,9b56cfee,Coco-Juice,2025-10-08,21:55:04,-07:00,2025-10-08T21:55:04-07:00,0,2
style.css,243,css,9b56cfee,Coco-Juice,2025-10-08,21:55:04,-07:00,2025-10-08T21:55:04-07:00,0,0
style.css,244,css,9b56cfee,Coco-Juice,2025-10-08,21:55:04,-07:00,2025-10-08T21:55:04-07:00,0,0
style.css,245,css,9b56cfee,Coco-Juice,2025-10-08,21:55:04,-07:00,2025-10-08T21:55:04-07:00,0,57
style.css,246,css,9b56cfee,Coco-Juice,2025-10-08,21:55:04,-07:00,2025-10-08T21:55:04-07:00,0,37
style.css,247,css,9b56cfee,Coco-Juice,2025-10-08,21:55:04,-07:00,2025-10-08T21:55:04-07:00,0,0
style.css,248,css,9b56cfee,Coco-Juice,2025-10-08,21:55:04,-07:00,2025-10-08T21:55:04-07:00,0,0
style.css,249,css,9b56cfee,Coco-Juice,2025-10-08,21:55:04,-07:00,2025-10-08T21:55:04-07:00,0,5
style.css,250,css,9b56cfee,Coco-Juice,2025-10-08,21:55:04,-07:00,2025-10-08T21:55:04-07:00,0,15
style.css,251,css,9b56cfee,Coco-Juice,2025-10-08,21:55:04,-07:00,2025-10-08T21:55:04-07:00,0,11
style.css,252,css,9b56cfee,Coco-Juice,2025-10-08,21:55:04,-07:00,2025-10-08T21:55:04-07:00,0,0
style.css,253,css,9b56cfee,Coco-Juice,2025-10-08,21:55:04,-07:00,2025-10-08T21:55:04-07:00,0,0
style.css,254,css,9b56cfee,Coco-Juice,2025-10-08,21:55:04,-07:00,2025-10-08T21:55:04-07:00,0,8
style.css,255,css,9b56cfee,Coco-Juice,2025-10-08,21:55:04,-07:00,2025-10-08T21:55:04-07:00,0,17
style.css,256,css,9b56cfee,Coco-Juice,2025-10-08,21:55:04,-07:00,2025-10-08T21:55:04-07:00,0,0
style.css,257,css,9b56cfee,Coco-Juice,2025-10-08,21:55:04,-07:00,2025-10-08T21:55:04-07:00,0,0
style.css,258,css,9b56cfee,Coco-Juice,2025-10-08,21:55:04,-07:00,2025-10-08T21:55:04-07:00,0,7
style.css,259,css,9b56cfee,Coco-Juice,2025-10-08,21:55:04,-07:00,2025-10-08T21:55:04-07:00,0,17
style.css,260,css,9b56cfee,Coco-Juice,2025-10-08,21:55:04,-07:00,2025-10-08T21:55:04-07:00,0,0
style.css,261,css,9b56cfee,Coco-Juice,2025-10-08,21:55:04,-07:00,2025-10-08T21:55:04-07:00,0,0
style.css,262,css,9b56cfee,Coco-Juice,2025-10-08,21:55:04,-07:00,2025-10-08T21:55:04-07:00,0,6
style.css,263,css,9b56cfee,Coco-Juice,2025-10-08,21:55:04,-07:00,2025-10-08T21:55:04-07:00,0,10
style.css,264,css,9b56cfee,Coco-Juice,2025-10-08,21:55:04,-07:00,2025-10-08T21:55:04-07:00,0,27
style.css,265,css,9b56cfee,Coco-Juice,2025-10-08,21:55:04,-07:00,2025-10-08T21:55:04-07:00,0,18
style.css,266,css,9b56cfee,Coco-Juice,2025-10-08,21:55:04,-07:00,2025-10-08T21:55:04-07:00,0,0
style.css,267,css,9b56cfee,Coco-Juice,2025-10-08,21:55:04,-07:00,2025-10-08T21:55:04-07:00,0,0
style.css,268,css,9b56cfee,Coco-Juice,2025-10-08,21:55:04,-07:00,2025-10-08T21:55:04-07:00,0,10
style.css,269,css,9b56cfee,Coco-Juice,2025-10-08,21:55:04,-07:00,2025-10-08T21:55:04-07:00,0,14
style.css,270,css,9b56cfee,Coco-Juice,2025-10-08,21:55:04,-07:00,2025-10-08T21:55:04-07:00,0,0
style.css,271,css,9b56cfee,Coco-Juice,2025-10-08,21:55:04,-07:00,2025-10-08T21:55:04-07:00,0,0
style.css,272,css,9b56cfee,Coco-Juice,2025-10-08,21:55:04,-07:00,2025-10-08T21:55:04-07:00,0,11
style.css,273,css,9b56cfee,Coco-Juice,2025-10-08,21:55:04,-07:00,2025-10-08T21:55:04-07:00,0,13
style.css,274,css,9b56cfee,Coco-Juice,2025-10-08,21:55:04,-07:00,2025-10-08T21:55:04-07:00,0,0
style.css,275,css,9b56cfee,Coco-Juice,2025-10-08,21:55:04,-07:00,2025-10-08T21:55:04-07:00,0,0
style.css,276,css,9b56cfee,Coco-Juice,2025-10-08,21:55:04,-07:00,2025-10-08T21:55:04-07:00,0,14
style.css,277,css,9b56cfee,Coco-Juice,2025-10-08,21:55:04,-07:00,2025-10-08T21:55:04-07:00,0,14
style.css,278,css,9b56cfee,Coco-Juice,2025-10-08,21:55:04,-07:00,2025-10-08T21:55:04-07:00,0,11
style.css,279,css,9b56cfee,Coco-Juice,2025-10-08,21:55:04,-07:00,2025-10-08T21:55:04-07:00,0,0
style.css,280,css,9b56cfee,Coco-Juice,2025-10-08,21:55:04,-07:00,2025-10-08T21:55:04-07:00,0,0
style.css,281,css,9b56cfee,Coco-Juice,2025-10-08,21:55:04,-07:00,2025-10-08T21:55:04-07:00,0,30
style.css,282,css,9b56cfee,Coco-Juice,2025-10-08,21:55:04,-07:00,2025-10-08T21:55:04-07:00,0,15
style.css,283,css,9b56cfee,Coco-Juice,2025-10-08,21:55:04,-07:00,2025-10-08T21:55:04-07:00,0,0
style.css,284,css,9b56cfee,Coco-Juice,2025-10-08,21:55:04,-07:00,2025-10-08T21:55:04-07:00,0,0
style.css,285,css,9b56cfee,Coco-Juice,2025-10-08,21:55:04,-07:00,2025-10-08T21:55:04-07:00,0,8
style.css,286,css,9b56cfee,Coco-Juice,2025-10-08,21:55:04,-07:00,2025-10-08T21:55:04-07:00,0,17
style.css,287,css,9b56cfee,Coco-Juice,2025-10-08,21:55:04,-07:00,2025-10-08T21:55:04-07:00,0,0
style.css,288,css,9b56cfee,Coco-Juice,2025-10-08,21:55:04,-07:00,2025-10-08T21:55:04-07:00,0,0
style.css,289,css,9b56cfee,Coco-Juice,2025-10-08,21:55:04,-07:00,2025-10-08T21:55:04-07:00,0,13
style.css,290,css,9b56cfee,Coco-Juice,2025-10-08,21:55:04,-07:00,2025-10-08T21:55:04-07:00,0,14
style.css,291,css,9b56cfee,Coco-Juice,2025-10-08,21:55:04,-07:00,2025-10-08T21:55:04-07:00,0,17
style.css,292,css,9b56cfee,Coco-Juice,2025-10-08,21:55:04,-07:00,2025-10-08T21:55:04-07:00,0,0
style.css,293,css,9b56cfee,Coco-Juice,2025-10-08,21:55:04,-07:00,2025-10-08T21:55:04-07:00,0,0
style.css,294,css,9b56cfee,Coco-Juice,2025-10-08,21:55:04,-07:00,2025-10-08T21:55:04-07:00,0,12
style.css,295,css,9b56cfee,Coco-Juice,2025-10-08,21:55:04,-07:00,2025-10-08T21:55:04-07:00,0,11
style.css,296,css,9b56cfee,Coco-Juice,2025-10-08,21:55:04,-07:00,2025-10-08T21:55:04-07:00,0,16
style.css,297,css,9b56cfee,Coco-Juice,2025-10-08,21:55:04,-07:00,2025-10-08T21:55:04-07:00,0,12
style.css,298,css,9b56cfee,Coco-Juice,2025-10-08,21:55:04,-07:00,2025-10-08T21:55:04-07:00,0,0
style.css,299,css,9b56cfee,Coco-Juice,2025-10-08,21:55:04,-07:00,2025-10-08T21:55:04-07:00,0,0
style.css,300,css,9b56cfee,Coco-Juice,2025-10-08,21:55:04,-07:00,2025-10-08T21:55:04-07:00,1,15
style.css,301,css,9b56cfee,Coco-Juice,2025-10-08,21:55:04,-07:00,2025-10-08T21:55:04-07:00,0,0
style.css,302,css,9b56cfee,Coco-Juice,2025-10-08,21:55:04,-07:00,2025-10-08T21:55:04-07:00,0,0
style.css,303,css,9b56cfee,Coco-Juice,2025-10-08,21:55:04,-07:00,2025-10-08T21:55:04-07:00,0,0
style.css,304,css,9b56cfee,Coco-Juice,2025-10-08,21:55:04,-07:00,2025-10-08T21:55:04-07:00,0,17
style.css,305,css,9b56cfee,Coco-Juice,2025-10-08,21:55:04,-07:00,2025-10-08T21:55:04-07:00,0,11
style.css,306,css,9b56cfee,Coco-Juice,2025-10-08,21:55:04,-07:00,2025-10-08T21:55:04-07:00,0,16
style.css,307,css,9b56cfee,Coco-Juice,2025-10-08,21:55:04,-07:00,2025-10-08T21:55:04-07:00,0,12
style.css,308,css,9b56cfee,Coco-Juice,2025-10-08,21:55:04,-07:00,2025-10-08T21:55:04-07:00,0,0
style.css,309,css,9b56cfee,Coco-Juice,2025-10-08,21:55:04,-07:00,2025-10-08T21:55:04-07:00,0,0
style.css,310,css,9b56cfee,Coco-Juice,2025-10-08,21:55:04,-07:00,2025-10-08T21:55:04-07:00,1,15
style.css,311,css,9b56cfee,Coco-Juice,2025-10-08,21:55:04,-07:00,2025-10-08T21:55:04-07:00,0,0
style.css,312,css,9b56cfee,Coco-Juice,2025-10-08,21:55:04,-07:00,2025-10-08T21:55:04-07:00,0,0
style.css,313,css,9b56cfee,Coco-Juice,2025-10-08,21:55:04,-07:00,2025-10-08T21:55:04-07:00,0,0
style.css,314,css,9b56cfee,Coco-Juice,2025-10-08,21:55:04,-07:00,2025-10-08T21:55:04-07:00,0,31
style.css,315,css,9b56cfee,Coco-Juice,2025-10-08,21:55:04,-07:00,2025-10-08T21:55:04-07:00,0,14
style.css,316,css,9b56cfee,Coco-Juice,2025-10-08,21:55:04,-07:00,2025-10-08T21:55:04-07:00,0,17
style.css,317,css,9b56cfee,Coco-Juice,2025-10-08,21:55:04,-07:00,2025-10-08T21:55:04-07:00,0,0
style.css,318,css,9b56cfee,Coco-Juice,2025-10-08,21:55:04,-07:00,2025-10-08T21:55:04-07:00,0,0
style.css,319,css,9b56cfee,Coco-Juice,2025-10-08,21:55:04,-07:00,2025-10-08T21:55:04-07:00,0,33
style.css,320,css,9b56cfee,Coco-Juice,2025-10-08,21:55:04,-07:00,2025-10-08T21:55:04-07:00,0,11
style.css,321,css,9b56cfee,Coco-Juice,2025-10-08,21:55:04,-07:00,2025-10-08T21:55:04-07:00,0,16
style.css,322,css,9b56cfee,Coco-Juice,2025-10-08,21:55:04,-07:00,2025-10-08T21:55:04-07:00,0,21
style.css,323,css,9b56cfee,Coco-Juice,2025-10-08,21:55:04,-07:00,2025-10-08T21:55:04-07:00,0,0
style.css,324,css,9b56cfee,Coco-Juice,2025-10-08,21:55:04,-07:00,2025-10-08T21:55:04-07:00,0,0
style.css,325,css,9b56cfee,Coco-Juice,2025-10-08,21:55:04,-07:00,2025-10-08T21:55:04-07:00,1,15
style.css,326,css,9b56cfee,Coco-Juice,2025-10-08,21:55:04,-07:00,2025-10-08T21:55:04-07:00,1,17
style.css,327,css,9b56cfee,Coco-Juice,2025-10-08,21:55:04,-07:00,2025-10-08T21:55:04-07:00,0,0
style.css,328,css,9b56cfee,Coco-Juice,2025-10-08,21:55:04,-07:00,2025-10-08T21:55:04-07:00,0,0
style.css,329,css,9b56cfee,Coco-Juice,2025-10-08,21:55:04,-07:00,2025-10-08T21:55:04-07:00,0,0
style.css,330,css,9b56cfee,Coco-Juice,2025-10-08,21:55:04,-07:00,2025-10-08T21:55:04-07:00,0,5
style.css,331,css,9b56cfee,Coco-Juice,2025-10-08,21:55:04,-07:00,2025-10-08T21:55:04-07:00,0,17
style.css,332,css,9b56cfee,Coco-Juice,2025-10-08,21:55:04,-07:00,2025-10-08T21:55:04-07:00,0,0
style.css,333,css,9b56cfee,Coco-Juice,2025-10-08,21:55:04,-07:00,2025-10-08T21:55:04-07:00,0,0
style.css,334,css,9b56cfee,Coco-Juice,2025-10-08,21:55:04,-07:00,2025-10-08T21:55:04-07:00,0,16
style.css,335,css,9b56cfee,Coco-Juice,2025-10-08,21:55:04,-07:00,2025-10-08T21:55:04-07:00,0,10
style.css,336,css,9b56cfee,Coco-Juice,2025-10-08,21:55:04,-07:00,2025-10-08T21:55:04-07:00,0,27
style.css,337,css,9b56cfee,Coco-Juice,2025-10-08,21:55:04,-07:00,2025-10-08T21:55:04-07:00,0,18
style.css,338,css,9b56cfee,Coco-Juice,2025-10-08,21:55:04,-07:00,2025-10-08T21:55:04-07:00,0,0
style.css,339,css,9b56cfee,Coco-Juice,2025-10-08,21:55:04,-07:00,2025-10-08T21:55:04-07:00,0,0
style.css,340,css,9b56cfee,Coco-Juice,2025-10-08,21:55:04,-07:00,2025-10-08T21:55:04-07:00,0,18
style.css,341,css,9b56cfee,Coco-Juice,2025-10-08,21:55:04,-07:00,2025-10-08T21:55:04-07:00,0,14
style.css,342,css,9b56cfee,Coco-Juice,2025-10-08,21:55:04,-07:00,2025-10-08T21:55:04-07:00,0,11
style.css,343,css,9b56cfee,Coco-Juice,2025-10-08,21:55:04,-07:00,2025-10-08T21:55:04-07:00,0,0
style.css,344,css,9b56cfee,Coco-Juice,2025-10-08,21:55:04,-07:00,2025-10-08T21:55:04-07:00,0,0
style.css,345,css,9b56cfee,Coco-Juice,2025-10-08,21:55:04,-07:00,2025-10-08T21:55:04-07:00,0,7
style.css,346,css,9b56cfee,Coco-Juice,2025-10-08,21:55:04,-07:00,2025-10-08T21:55:04-07:00,0,14
style.css,347,css,9b56cfee,Coco-Juice,2025-10-08,21:55:04,-07:00,2025-10-08T21:55:04-07:00,0,17
style.css,348,css,fdd657db,Coco-Juice,2025-10-07,19:10:48,-07:00,2025-10-07T19:10:48-07:00,0,0
resume.html,1,html,1c8dac56,Coco-Juice,2025-09-29,13:39:01,-07:00,2025-09-29T13:39:01-07:00,0,11
resume.html,2,html,1c8dac56,Coco-Juice,2025-09-29,13:39:01,-07:00,2025-09-29T13:39:01-07:00,0,12
resume.html,3,html,1c8dac56,Coco-Juice,2025-09-29,13:39:01,-07:00,2025-09-29T13:39:01-07:00,0,2
resume.html,4,html,e0f74276,Coco-Juice,2025-10-13,15:31:45,-07:00,2025-10-13T15:31:45-07:00,1,43
resume.html,5,html,1c8dac56,Coco-Juice,2025-09-29,13:39:01,-07:00,2025-09-29T13:39:01-07:00,1,18
resume.html,6,html,1c8dac56,Coco-Juice,2025-09-29,13:39:01,-07:00,2025-09-29T13:39:01-07:00,1,66
resume.html,7,html,1c8dac56,Coco-Juice,2025-09-29,13:39:01,-07:00,2025-09-29T13:39:01-07:00,1,20
resume.html,8,html,1c8dac56,Coco-Juice,2025-09-29,13:39:01,-07:00,2025-09-29T13:39:01-07:00,1,36
resume.html,9,html,1c8dac56,Coco-Juice,2025-09-29,13:39:01,-07:00,2025-09-29T13:39:01-07:00,0,3
resume.html,10,html,1c8dac56,Coco-Juice,2025-09-29,13:39:01,-07:00,2025-09-29T13:39:01-07:00,0,2
resume.html,11,html,cd9ccfff,Coco-Juice,2025-10-07,18:57:56,-07:00,2025-10-07T18:57:56-07:00,0,0
resume.html,12,html,9b56cfee,Coco-Juice,2025-10-08,21:55:04,-07:00,2025-10-08T21:55:04-07:00,1,28
resume.html,13,html,9b56cfee,Coco-Juice,2025-10-08,21:55:04,-07:00,2025-10-08T21:55:04-07:00,1,65
resume.html,14,html,9b56cfee,Coco-Juice,2025-10-08,21:55:04,-07:00,2025-10-08T21:55:04-07:00,0,0
resume.html,15,html,9b56cfee,Coco-Juice,2025-10-08,21:55:04,-07:00,2025-10-08T21:55:04-07:00,0,0
resume.html,16,html,94bbcbd2,Coco-Juice,2025-09-29,14:26:57,-07:00,2025-09-29T14:26:57-07:00,0,0
resume.html,17,html,94bbcbd2,Coco-Juice,2025-09-29,14:26:57,-07:00,2025-09-29T14:26:57-07:00,1,23
resume.html,18,html,9b56cfee,Coco-Juice,2025-10-08,21:55:04,-07:00,2025-10-08T21:55:04-07:00,1,18
resume.html,19,html,9b56cfee,Coco-Juice,2025-10-08,21:55:04,-07:00,2025-10-08T21:55:04-07:00,0,0
resume.html,20,html,9b56cfee,Coco-Juice,2025-10-08,21:55:04,-07:00,2025-10-08T21:55:04-07:00,1,18
resume.html,21,html,9b56cfee,Coco-Juice,2025-10-08,21:55:04,-07:00,2025-10-08T21:55:04-07:00,2,17
resume.html,22,html,9b56cfee,Coco-Juice,2025-10-08,21:55:04,-07:00,2025-10-08T21:55:04-07:00,3,38
resume.html,23,html,9b56cfee,Coco-Juice,2025-10-08,21:55:04,-07:00,2025-10-08T21:55:04-07:00,3,39
resume.html,24,html,9b56cfee,Coco-Juice,2025-10-08,21:55:04,-07:00,2025-10-08T21:55:04-07:00,2,2
resume.html,25,html,9b56cfee,Coco-Juice,2025-10-08,21:55:04,-07:00,2025-10-08T21:55:04-07:00,0,0
resume.html,26,html,9b56cfee,Coco-Juice,2025-10-08,21:55:04,-07:00,2025-10-08T21:55:04-07:00,2,17
resume.html,27,html,97bf4fbf,Coco-Juice,2025-10-08,21:56:54,-07:00,2025-10-08T21:56:54-07:00,3,27
resume.html,28,html,9b56cfee,Coco-Juice,2025-10-08,21:55:04,-07:00,2025-10-08T21:55:04-07:00,3,41
resume.html,29,html,9b56cfee,Coco-Juice,2025-10-08,21:55:04,-07:00,2025-10-08T21:55:04-07:00,2,2
resume.html,30,html,9b56cfee,Coco-Juice,2025-10-08,21:55:04,-07:00,2025-10-08T21:55:04-07:00,1,2
resume.html,31,html,9b56cfee,Coco-Juice,2025-10-08,21:55:04,-07:00,2025-10-08T21:55:04-07:00,0,0
resume.html,32,html,9b56cfee,Coco-Juice,2025-10-08,21:55:04,-07:00,2025-10-08T21:55:04-07:00,1,0
resume.html,33,html,9b56cfee,Coco-Juice,2025-10-08,21:55:04,-07:00,2025-10-08T21:55:04-07:00,1,0
resume.html,34,html,9b56cfee,Coco-Juice,2025-10-08,21:55:04,-07:00,2025-10-08T21:55:04-07:00,1,18
resume.html,35,html,9b56cfee,Coco-Juice,2025-10-08,21:55:04,-07:00,2025-10-08T21:55:04-07:00,2,17
resume.html,36,html,9b56cfee,Coco-Juice,2025-10-08,21:55:04,-07:00,2025-10-08T21:55:04-07:00,3,18
resume.html,37,html,9b56cfee,Coco-Juice,2025-10-08,21:55:04,-07:00,2025-10-08T21:55:04-07:00,3,39
resume.html,38,html,9b56cfee,Coco-Juice,2025-10-08,21:55:04,-07:00,2025-10-08T21:55:04-07:00,2,2
resume.html,39,html,9b56cfee,Coco-Juice,2025-10-08,21:55:04,-07:00,2025-10-08T21:55:04-07:00,0,0
resume.html,40,html,9b56cfee,Coco-Juice,2025-10-08,21:55:04,-07:00,2025-10-08T21:55:04-07:00,2,17
resume.html,41,html,9b56cfee,Coco-Juice,2025-10-08,21:55:04,-07:00,2025-10-08T21:55:04-07:00,3,40
resume.html,42,html,9b56cfee,Coco-Juice,2025-10-08,21:55:04,-07:00,2025-10-08T21:55:04-07:00,3,32
resume.html,43,html,9b56cfee,Coco-Juice,2025-10-08,21:55:04,-07:00,2025-10-08T21:55:04-07:00,2,2
resume.html,44,html,9b56cfee,Coco-Juice,2025-10-08,21:55:04,-07:00,2025-10-08T21:55:04-07:00,1,2
resume.html,45,html,9b56cfee,Coco-Juice,2025-10-08,21:55:04,-07:00,2025-10-08T21:55:04-07:00,1,6
resume.html,46,html,9b56cfee,Coco-Juice,2025-10-08,21:55:04,-07:00,2025-10-08T21:55:04-07:00,1,0
resume.html,47,html,9b56cfee,Coco-Juice,2025-10-08,21:55:04,-07:00,2025-10-08T21:55:04-07:00,0,0
resume.html,48,html,94bbcbd2,Coco-Juice,2025-09-29,14:26:57,-07:00,2025-09-29T14:26:57-07:00,0,0
resume.html,49,html,94bbcbd2,Coco-Juice,2025-09-29,14:26:57,-07:00,2025-09-29T14:26:57-07:00,1,24
resume.html,50,html,9b56cfee,Coco-Juice,2025-10-08,21:55:04,-07:00,2025-10-08T21:55:04-07:00,2,19
resume.html,51,html,9b56cfee,Coco-Juice,2025-10-08,21:55:04,-07:00,2025-10-08T21:55:04-07:00,0,0
resume.html,52,html,9b56cfee,Coco-Juice,2025-10-08,21:55:04,-07:00,2025-10-08T21:55:04-07:00,2,17
resume.html,53,html,9b56cfee,Coco-Juice,2025-10-08,21:55:04,-07:00,2025-10-08T21:55:04-07:00,3,64
resume.html,54,html,9b56cfee,Coco-Juice,2025-10-08,21:55:04,-07:00,2025-10-08T21:55:04-07:00,3,77
resume.html,55,html,9b56cfee,Coco-Juice,2025-10-08,21:55:04,-07:00,2025-10-08T21:55:04-07:00,2,2
resume.html,56,html,94bbcbd2,Coco-Juice,2025-09-29,14:26:57,-07:00,2025-09-29T14:26:57-07:00,2,0
resume.html,57,html,9b56cfee,Coco-Juice,2025-10-08,21:55:04,-07:00,2025-10-08T21:55:04-07:00,3,105
resume.html,58,html,9b56cfee,Coco-Juice,2025-10-08,21:55:04,-07:00,2025-10-08T21:55:04-07:00,4,59
resume.html,59,html,9b56cfee,Coco-Juice,2025-10-08,21:55:04,-07:00,2025-10-08T21:55:04-07:00,3,110
resume.html,60,html,9b56cfee,Coco-Juice,2025-10-08,21:55:04,-07:00,2025-10-08T21:55:04-07:00,4,89
resume.html,61,html,9b56cfee,Coco-Juice,2025-10-08,21:55:04,-07:00,2025-10-08T21:55:04-07:00,3,99
resume.html,62,html,9b56cfee,Coco-Juice,2025-10-08,21:55:04,-07:00,2025-10-08T21:55:04-07:00,4,44
resume.html,63,html,94bbcbd2,Coco-Juice,2025-09-29,14:26:57,-07:00,2025-09-29T14:26:57-07:00,2,1
resume.html,64,html,9b56cfee,Coco-Juice,2025-10-08,21:55:04,-07:00,2025-10-08T21:55:04-07:00,0,0
resume.html,65,html,9b56cfee,Coco-Juice,2025-10-08,21:55:04,-07:00,2025-10-08T21:55:04-07:00,2,17
resume.html,66,html,9b56cfee,Coco-Juice,2025-10-08,21:55:04,-07:00,2025-10-08T21:55:04-07:00,3,84
resume.html,67,html,9b56cfee,Coco-Juice,2025-10-08,21:55:04,-07:00,2025-10-08T21:55:04-07:00,3,115
resume.html,68,html,9b56cfee,Coco-Juice,2025-10-08,21:55:04,-07:00,2025-10-08T21:55:04-07:00,2,2
resume.html,69,html,94bbcbd2,Coco-Juice,2025-09-29,14:26:57,-07:00,2025-09-29T14:26:57-07:00,2,0
resume.html,70,html,9b56cfee,Coco-Juice,2025-10-08,21:55:04,-07:00,2025-10-08T21:55:04-07:00,3,109
resume.html,71,html,9b56cfee,Coco-Juice,2025-10-08,21:55:04,-07:00,2025-10-08T21:55:04-07:00,4,47
resume.html,72,html,9b56cfee,Coco-Juice,2025-10-08,21:55:04,-07:00,2025-10-08T21:55:04-07:00,3,106
resume.html,73,html,9b56cfee,Coco-Juice,2025-10-08,21:55:04,-07:00,2025-10-08T21:55:04-07:00,4,106
resume.html,74,html,9b56cfee,Coco-Juice,2025-10-08,21:55:04,-07:00,2025-10-08T21:55:04-07:00,4,39
resume.html,75,html,9b56cfee,Coco-Juice,2025-10-08,21:55:04,-07:00,2025-10-08T21:55:04-07:00,3,101
resume.html,76,html,94bbcbd2,Coco-Juice,2025-09-29,14:26:57,-07:00,2025-09-29T14:26:57-07:00,2,1
resume.html,77,html,9b56cfee,Coco-Juice,2025-10-08,21:55:04,-07:00,2025-10-08T21:55:04-07:00,3,0
resume.html,78,html,9b56cfee,Coco-Juice,2025-10-08,21:55:04,-07:00,2025-10-08T21:55:04-07:00,2,17
resume.html,79,html,9b56cfee,Coco-Juice,2025-10-08,21:55:04,-07:00,2025-10-08T21:55:04-07:00,3,59
resume.html,80,html,9b56cfee,Coco-Juice,2025-10-08,21:55:04,-07:00,2025-10-08T21:55:04-07:00,3,113
resume.html,81,html,9b56cfee,Coco-Juice,2025-10-08,21:55:04,-07:00,2025-10-08T21:55:04-07:00,2,2
resume.html,82,html,94bbcbd2,Coco-Juice,2025-09-29,14:26:57,-07:00,2025-09-29T14:26:57-07:00,2,0
resume.html,83,html,9b56cfee,Coco-Juice,2025-10-08,21:55:04,-07:00,2025-10-08T21:55:04-07:00,3,104
resume.html,84,html,94bbcbd2,Coco-Juice,2025-09-29,14:26:57,-07:00,2025-09-29T14:26:57-07:00,3,122
resume.html,85,html,94bbcbd2,Coco-Juice,2025-09-29,14:26:57,-07:00,2025-09-29T14:26:57-07:00,2,1
resume.html,86,html,9b56cfee,Coco-Juice,2025-10-08,21:55:04,-07:00,2025-10-08T21:55:04-07:00,1,6
resume.html,87,html,94bbcbd2,Coco-Juice,2025-09-29,14:26:57,-07:00,2025-09-29T14:26:57-07:00,0,0
resume.html,88,html,9b56cfee,Coco-Juice,2025-10-08,21:55:04,-07:00,2025-10-08T21:55:04-07:00,0,0
resume.html,89,html,9b56cfee,Coco-Juice,2025-10-08,21:55:04,-07:00,2025-10-08T21:55:04-07:00,0,0
resume.html,90,html,9b56cfee,Coco-Juice,2025-10-08,21:55:04,-07:00,2025-10-08T21:55:04-07:00,1,29
resume.html,91,html,9b56cfee,Coco-Juice,2025-10-08,21:55:04,-07:00,2025-10-08T21:55:04-07:00,2,17
resume.html,92,html,9b56cfee,Coco-Juice,2025-10-08,21:55:04,-07:00,2025-10-08T21:55:04-07:00,0,0
resume.html,93,html,9b56cfee,Coco-Juice,2025-10-08,21:55:04,-07:00,2025-10-08T21:55:04-07:00,2,17
resume.html,94,html,9b56cfee,Coco-Juice,2025-10-08,21:55:04,-07:00,2025-10-08T21:55:04-07:00,3,75
resume.html,95,html,9b56cfee,Coco-Juice,2025-10-08,21:55:04,-07:00,2025-10-08T21:55:04-07:00,3,110
resume.html,96,html,9b56cfee,Coco-Juice,2025-10-08,21:55:04,-07:00,2025-10-08T21:55:04-07:00,2,2
resume.html,97,html,94bbcbd2,Coco-Juice,2025-09-29,14:26:57,-07:00,2025-09-29T14:26:57-07:00,2,0
resume.html,98,html,9b56cfee,Coco-Juice,2025-10-08,21:55:04,-07:00,2025-10-08T21:55:04-07:00,3,109
resume.html,99,html,9b56cfee,Coco-Juice,2025-10-08,21:55:04,-07:00,2025-10-08T21:55:04-07:00,4,98
resume.html,100,html,9b56cfee,Coco-Juice,2025-10-08,21:55:04,-07:00,2025-10-08T21:55:04-07:00,3,115
resume.html,101,html,9b56cfee,Coco-Juice,2025-10-08,21:55:04,-07:00,2025-10-08T21:55:04-07:00,4,105
resume.html,102,html,9b56cfee,Coco-Juice,2025-10-08,21:55:04,-07:00,2025-10-08T21:55:04-07:00,4,80
resume.html,103,html,94bbcbd2,Coco-Juice,2025-09-29,14:26:57,-07:00,2025-09-29T14:26:57-07:00,2,1
resume.html,104,html,9b56cfee,Coco-Juice,2025-10-08,21:55:04,-07:00,2025-10-08T21:55:04-07:00,0,0
resume.html,105,html,9b56cfee,Coco-Juice,2025-10-08,21:55:04,-07:00,2025-10-08T21:55:04-07:00,2,17
resume.html,106,html,9b56cfee,Coco-Juice,2025-10-08,21:55:04,-07:00,2025-10-08T21:55:04-07:00,3,43
resume.html,107,html,9b56cfee,Coco-Juice,2025-10-08,21:55:04,-07:00,2025-10-08T21:55:04-07:00,3,116
resume.html,108,html,9b56cfee,Coco-Juice,2025-10-08,21:55:04,-07:00,2025-10-08T21:55:04-07:00,2,2
resume.html,109,html,94bbcbd2,Coco-Juice,2025-09-29,14:26:57,-07:00,2025-09-29T14:26:57-07:00,2,0
resume.html,110,html,9b56cfee,Coco-Juice,2025-10-08,21:55:04,-07:00,2025-10-08T21:55:04-07:00,3,110
resume.html,111,html,9b56cfee,Coco-Juice,2025-10-08,21:55:04,-07:00,2025-10-08T21:55:04-07:00,4,103
resume.html,112,html,9b56cfee,Coco-Juice,2025-10-08,21:55:04,-07:00,2025-10-08T21:55:04-07:00,3,104
resume.html,113,html,9b56cfee,Coco-Juice,2025-10-08,21:55:04,-07:00,2025-10-08T21:55:04-07:00,4,65
resume.html,114,html,94bbcbd2,Coco-Juice,2025-09-29,14:26:57,-07:00,2025-09-29T14:26:57-07:00,2,1
resume.html,115,html,9b56cfee,Coco-Juice,2025-10-08,21:55:04,-07:00,2025-10-08T21:55:04-07:00,0,0
resume.html,116,html,9b56cfee,Coco-Juice,2025-10-08,21:55:04,-07:00,2025-10-08T21:55:04-07:00,2,17
resume.html,117,html,9b56cfee,Coco-Juice,2025-10-08,21:55:04,-07:00,2025-10-08T21:55:04-07:00,3,43
resume.html,118,html,9b56cfee,Coco-Juice,2025-10-08,21:55:04,-07:00,2025-10-08T21:55:04-07:00,3,67
resume.html,119,html,9b56cfee,Coco-Juice,2025-10-08,21:55:04,-07:00,2025-10-08T21:55:04-07:00,2,2
resume.html,120,html,94bbcbd2,Coco-Juice,2025-09-29,14:26:57,-07:00,2025-09-29T14:26:57-07:00,2,0
resume.html,121,html,9b56cfee,Coco-Juice,2025-10-08,21:55:04,-07:00,2025-10-08T21:55:04-07:00,3,103
resume.html,122,html,9b56cfee,Coco-Juice,2025-10-08,21:55:04,-07:00,2025-10-08T21:55:04-07:00,3,96
resume.html,123,html,94bbcbd2,Coco-Juice,2025-09-29,14:26:57,-07:00,2025-09-29T14:26:57-07:00,2,1
resume.html,124,html,94bbcbd2,Coco-Juice,2025-09-29,14:26:57,-07:00,2025-09-29T14:26:57-07:00,1,6
resume.html,125,html,9b56cfee,Coco-Juice,2025-10-08,21:55:04,-07:00,2025-10-08T21:55:04-07:00,0,0
resume.html,126,html,9b56cfee,Coco-Juice,2025-10-08,21:55:04,-07:00,2025-10-08T21:55:04-07:00,0,0
resume.html,127,html,9b56cfee,Coco-Juice,2025-10-08,21:55:04,-07:00,2025-10-08T21:55:04-07:00,0,0
resume.html,128,html,9b56cfee,Coco-Juice,2025-10-08,21:55:04,-07:00,2025-10-08T21:55:04-07:00,1,20
resume.html,129,html,9b56cfee,Coco-Juice,2025-10-08,21:55:04,-07:00,2025-10-08T21:55:04-07:00,2,15
resume.html,130,html,9b56cfee,Coco-Juice,2025-10-08,21:55:04,-07:00,2025-10-08T21:55:04-07:00,0,0
resume.html,131,html,9b56cfee,Coco-Juice,2025-10-08,21:55:04,-07:00,2025-10-08T21:55:04-07:00,2,75
resume.html,132,html,9b56cfee,Coco-Juice,2025-10-08,21:55:04,-07:00,2025-10-08T21:55:04-07:00,2,37
resume.html,133,html,9b56cfee,Coco-Juice,2025-10-08,21:55:04,-07:00,2025-10-08T21:55:04-07:00,1,6
resume.html,134,html,1c8dac56,Coco-Juice,2025-09-29,13:39:01,-07:00,2025-09-29T13:39:01-07:00,0,3
resume.html,135,html,1c8dac56,Coco-Juice,2025-09-29,13:39:01,-07:00,2025-09-29T13:39:01-07:00,0,3
index.js,1,js,9eaea951,Coco-Juice,2025-10-22,13:00:42,-07:00,2025-10-22T13:00:42-07:00,0,68
index.js,2,js,8ea87eab,Coco-Juice,2025-10-22,12:50:34,-07:00,2025-10-22T12:50:34-07:00,0,0
index.js,3,js,8ea87eab,Coco-Juice,2025-10-22,12:50:34,-07:00,2025-10-22T12:50:34-07:00,0,52
index.js,4,js,8ea87eab,Coco-Juice,2025-10-22,12:50:34,-07:00,2025-10-22T12:50:34-07:00,0,40
index.js,5,js,8ea87eab,Coco-Juice,2025-10-22,12:50:34,-07:00,2025-10-22T12:50:34-07:00,0,58
index.js,6,js,fe5e6b40,Coco-Juice,2025-10-22,19:58:43,-07:00,2025-10-22T19:58:43-07:00,0,51
index.js,7,js,9eaea951,Coco-Juice,2025-10-22,13:00:42,-07:00,2025-10-22T13:00:42-07:00,0,58
index.js,8,js,8ea87eab,Coco-Juice,2025-10-22,12:50:34,-07:00,2025-10-22T12:50:34-07:00,0,0
index.js,9,js,446e8541,Coco-Juice,2025-10-31,10:13:48,-07:00,2025-10-31T10:13:48-07:00,0,32
index.js,10,js,8ea87eab,Coco-Juice,2025-10-22,12:50:34,-07:00,2025-10-22T12:50:34-07:00,0,52
index.js,11,js,8ea87eab,Coco-Juice,2025-10-22,12:50:34,-07:00,2025-10-22T12:50:34-07:00,0,0
index.js,12,js,446e8541,Coco-Juice,2025-10-31,10:13:48,-07:00,2025-10-31T10:13:48-07:00,0,21
index.js,13,js,9eaea951,Coco-Juice,2025-10-22,13:00:42,-07:00,2025-10-22T13:00:42-07:00,0,15
index.js,14,js,9eaea951,Coco-Juice,2025-10-22,13:00:42,-07:00,2025-10-22T13:00:42-07:00,0,22
index.js,15,js,9eaea951,Coco-Juice,2025-10-22,13:00:42,-07:00,2025-10-22T13:00:42-07:00,2,0
index.js,16,js,9eaea951,Coco-Juice,2025-10-22,13:00:42,-07:00,2025-10-22T13:00:42-07:00,2,53
index.js,17,js,9eaea951,Coco-Juice,2025-10-22,13:00:42,-07:00,2025-10-22T13:00:42-07:00,2,53
index.js,18,js,9eaea951,Coco-Juice,2025-10-22,13:00:42,-07:00,2025-10-22T13:00:42-07:00,2,47
index.js,19,js,9eaea951,Coco-Juice,2025-10-22,13:00:42,-07:00,2025-10-22T13:00:42-07:00,2,47
index.js,20,js,9eaea951,Coco-Juice,2025-10-22,13:00:42,-07:00,2025-10-22T13:00:42-07:00,2,1
index.js,21,js,9eaea951,Coco-Juice,2025-10-22,13:00:42,-07:00,2025-10-22T13:00:42-07:00,1,0
index.js,22,js,9eaea951,Coco-Juice,2025-10-22,13:00:42,-07:00,2025-10-22T13:00:42-07:00,0,0
index.html,1,html,37887ac8,Coco-Juice,2025-09-29,12:23:37,-07:00,2025-09-29T12:23:37-07:00,0,11
index.html,2,html,37887ac8,Coco-Juice,2025-09-29,12:23:37,-07:00,2025-09-29T12:23:37-07:00,0,12
index.html,3,html,37887ac8,Coco-Juice,2025-09-29,12:23:37,-07:00,2025-09-29T12:23:37-07:00,0,2
index.html,4,html,e0f74276,Coco-Juice,2025-10-13,15:31:45,-07:00,2025-10-13T15:31:45-07:00,1,43
index.html,5,html,8ea87eab,Coco-Juice,2025-10-22,12:50:34,-07:00,2025-10-22T12:50:34-07:00,1,48
index.html,6,html,37887ac8,Coco-Juice,2025-09-29,12:23:37,-07:00,2025-09-29T12:23:37-07:00,1,18
index.html,7,html,37887ac8,Coco-Juice,2025-09-29,12:23:37,-07:00,2025-09-29T12:23:37-07:00,1,66
index.html,8,html,37887ac8,Coco-Juice,2025-09-29,12:23:37,-07:00,2025-09-29T12:23:37-07:00,1,48
index.html,9,html,505a6399,Coco-Juice,2025-09-29,12:35:49,-07:00,2025-09-29T12:35:49-07:00,1,36
index.html,10,html,37887ac8,Coco-Juice,2025-09-29,12:23:37,-07:00,2025-09-29T12:23:37-07:00,0,3
index.html,11,html,37887ac8,Coco-Juice,2025-09-29,12:23:37,-07:00,2025-09-29T12:23:37-07:00,0,2
index.html,12,html,37887ac8,Coco-Juice,2025-09-29,12:23:37,-07:00,2025-09-29T12:23:37-07:00,1,13
index.html,13,html,37887ac8,Coco-Juice,2025-09-29,12:23:37,-07:00,2025-09-29T12:23:37-07:00,1,45
index.html,14,html,d5edf19a,Coco-Juice,2025-09-29,12:32:26,-07:00,2025-09-29T12:32:26-07:00,1,106
index.html,15,html,396c8b82,Coco-Juice,2025-10-07,12:10:19,-07:00,2025-10-07T12:10:19-07:00,2,21
index.html,16,html,8ea87eab,Coco-Juice,2025-10-22,12:50:34,-07:00,2025-10-22T12:50:34-07:00,1,0
index.html,17,html,8ea87eab,Coco-Juice,2025-10-22,12:50:34,-07:00,2025-10-22T12:50:34-07:00,1,20
index.html,18,html,9eaea951,Coco-Juice,2025-10-22,13:00:42,-07:00,2025-10-22T13:00:42-07:00,1,25
index.html,19,html,9eaea951,Coco-Juice,2025-10-22,13:00:42,-07:00,2025-10-22T13:00:42-07:00,1,20
index.html,20,html,9eaea951,Coco-Juice,2025-10-22,13:00:42,-07:00,2025-10-22T13:00:42-07:00,1,26
index.html,21,html,37887ac8,Coco-Juice,2025-09-29,12:23:37,-07:00,2025-09-29T12:23:37-07:00,0,3
index.html,22,html,37887ac8,Coco-Juice,2025-09-29,12:23:37,-07:00,2025-09-29T12:23:37-07:00,0,3
global.js,1,js,e0f74276,Coco-Juice,2025-10-13,15:31:45,-07:00,2025-10-13T15:31:45-07:00,0,23
global.js,2,js,446e8541,Coco-Juice,2025-10-31,10:13:48,-07:00,2025-10-31T10:13:48-07:00,0,86
global.js,3,js,446e8541,Coco-Juice,2025-10-31,10:13:48,-07:00,2025-10-31T10:13:48-07:00,0,34
global.js,4,js,446e8541,Coco-Juice,2025-10-31,10:13:48,-07:00,2025-10-31T10:13:48-07:00,0,46
global.js,5,js,e0f74276,Coco-Juice,2025-10-13,15:31:45,-07:00,2025-10-13T15:31:45-07:00,0,0
global.js,6,js,446e8541,Coco-Juice,2025-10-31,10:13:48,-07:00,2025-10-31T10:13:48-07:00,0,23
global.js,7,js,1ea44240,Coco-Juice,2025-10-13,15:40:36,-07:00,2025-10-13T15:40:36-07:00,0,0
global.js,8,js,22f1d07c,Coco-Juice,2025-10-13,17:01:13,-07:00,2025-10-13T17:01:13-07:00,0,9
global.js,9,js,22f1d07c,Coco-Juice,2025-10-13,17:01:13,-07:00,2025-10-13T17:01:13-07:00,0,23
global.js,10,js,22f1d07c,Coco-Juice,2025-10-13,17:01:13,-07:00,2025-10-13T17:01:13-07:00,0,36
global.js,11,js,22f1d07c,Coco-Juice,2025-10-13,17:01:13,-07:00,2025-10-13T17:01:13-07:00,0,36
global.js,12,js,22f1d07c,Coco-Juice,2025-10-13,17:01:13,-07:00,2025-10-13T17:01:13-07:00,0,36
global.js,13,js,2ddbae11,Coco-Juice,2025-11-05,13:04:54,-08:00,2025-11-05T13:04:54-08:00,0,27
global.js,14,js,22f1d07c,Coco-Juice,2025-10-13,17:01:13,-07:00,2025-10-13T17:01:13-07:00,0,53
global.js,15,js,22f1d07c,Coco-Juice,2025-10-13,17:01:13,-07:00,2025-10-13T17:01:13-07:00,0,0
global.js,16,js,22f1d07c,Coco-Juice,2025-10-13,17:01:13,-07:00,2025-10-13T17:01:13-07:00,0,36
global.js,17,js,22f1d07c,Coco-Juice,2025-10-13,17:01:13,-07:00,2025-10-13T17:01:13-07:00,0,23
global.js,18,js,22f1d07c,Coco-Juice,2025-10-13,17:01:13,-07:00,2025-10-13T17:01:13-07:00,0,0
global.js,19,js,22f1d07c,Coco-Juice,2025-10-13,17:01:13,-07:00,2025-10-13T17:01:13-07:00,0,18
global.js,20,js,22f1d07c,Coco-Juice,2025-10-13,17:01:13,-07:00,2025-10-13T17:01:13-07:00,1,12
global.js,21,js,22f1d07c,Coco-Juice,2025-10-13,17:01:13,-07:00,2025-10-13T17:01:13-07:00,1,16
global.js,22,js,22f1d07c,Coco-Juice,2025-10-13,17:01:13,-07:00,2025-10-13T17:01:13-07:00,0,0
global.js,23,js,22f1d07c,Coco-Juice,2025-10-13,17:01:13,-07:00,2025-10-13T17:01:13-07:00,1,50
global.js,24,js,22f1d07c,Coco-Juice,2025-10-13,17:01:13,-07:00,2025-10-13T17:01:13-07:00,0,0
global.js,25,js,22f1d07c,Coco-Juice,2025-10-13,17:01:13,-07:00,2025-10-13T17:01:13-07:00,1,32
global.js,26,js,22f1d07c,Coco-Juice,2025-10-13,17:01:13,-07:00,2025-10-13T17:01:13-07:00,1,9
global.js,27,js,22f1d07c,Coco-Juice,2025-10-13,17:01:13,-07:00,2025-10-13T17:01:13-07:00,1,18
global.js,28,js,22f1d07c,Coco-Juice,2025-10-13,17:01:13,-07:00,2025-10-13T17:01:13-07:00,1,10
global.js,29,js,22f1d07c,Coco-Juice,2025-10-13,17:01:13,-07:00,2025-10-13T17:01:13-07:00,1,0
global.js,30,js,22f1d07c,Coco-Juice,2025-10-13,17:01:13,-07:00,2025-10-13T17:01:13-07:00,1,63
global.js,31,js,22f1d07c,Coco-Juice,2025-10-13,17:01:13,-07:00,2025-10-13T17:01:13-07:00,2,23
global.js,32,js,22f1d07c,Coco-Juice,2025-10-13,17:01:13,-07:00,2025-10-13T17:01:13-07:00,1,0
global.js,33,js,22f1d07c,Coco-Juice,2025-10-13,17:01:13,-07:00,2025-10-13T17:01:13-07:00,1,27
global.js,34,js,22f1d07c,Coco-Juice,2025-10-13,17:01:13,-07:00,2025-10-13T17:01:13-07:00,2,16
global.js,35,js,22f1d07c,Coco-Juice,2025-10-13,17:01:13,-07:00,2025-10-13T17:01:13-07:00,1,0
global.js,36,js,22f1d07c,Coco-Juice,2025-10-13,17:01:13,-07:00,2025-10-13T17:01:13-07:00,0,0
global.js,37,js,22f1d07c,Coco-Juice,2025-10-13,17:01:13,-07:00,2025-10-13T17:01:13-07:00,0,0
global.js,38,js,446e8541,Coco-Juice,2025-10-31,10:13:48,-07:00,2025-10-31T10:13:48-07:00,0,22
global.js,39,js,446e8541,Coco-Juice,2025-10-31,10:13:48,-07:00,2025-10-31T10:13:48-07:00,0,0
global.js,40,js,0b4a6bff,Coco-Juice,2025-10-15,14:02:08,-07:00,2025-10-15T14:02:08-07:00,0,29
global.js,41,js,0b4a6bff,Coco-Juice,2025-10-15,14:02:08,-07:00,2025-10-15T14:02:08-07:00,0,9
global.js,42,js,0b4a6bff,Coco-Juice,2025-10-15,14:02:08,-07:00,2025-10-15T14:02:08-07:00,0,0
global.js,43,js,0b4a6bff,Coco-Juice,2025-10-15,14:02:08,-07:00,2025-10-15T14:02:08-07:00,1,24
global.js,44,js,0b4a6bff,Coco-Juice,2025-10-15,14:02:08,-07:00,2025-10-15T14:02:08-07:00,2,2
global.js,45,js,0b4a6bff,Coco-Juice,2025-10-15,14:02:08,-07:00,2025-10-15T14:02:08-07:00,2,4
global.js,46,js,0b4a6bff,Coco-Juice,2025-10-15,14:02:08,-07:00,2025-10-15T14:02:08-07:00,3,41
global.js,47,js,0b4a6bff,Coco-Juice,2025-10-15,14:02:08,-07:00,2025-10-15T14:02:08-07:00,3,32
global.js,48,js,0b4a6bff,Coco-Juice,2025-10-15,14:02:08,-07:00,2025-10-15T14:02:08-07:00,3,30
global.js,49,js,0b4a6bff,Coco-Juice,2025-10-15,14:02:08,-07:00,2025-10-15T14:02:08-07:00,2,5
global.js,50,js,0b4a6bff,Coco-Juice,2025-10-15,14:02:08,-07:00,2025-10-15T14:02:08-07:00,1,6
global.js,51,js,0b4a6bff,Coco-Juice,2025-10-15,14:02:08,-07:00,2025-10-15T14:02:08-07:00,0,0
global.js,52,js,22f1d07c,Coco-Juice,2025-10-13,17:01:13,-07:00,2025-10-13T17:01:13-07:00,0,0
global.js,53,js,0b4a6bff,Coco-Juice,2025-10-15,14:02:08,-07:00,2025-10-15T14:02:08-07:00,0,49
global.js,54,js,1ea44240,Coco-Juice,2025-10-13,15:40:36,-07:00,2025-10-13T15:40:36-07:00,0,0
global.js,55,js,66c21f62,Coco-Juice,2025-10-15,17:54:48,-07:00,2025-10-15T17:54:48-07:00,0,32
global.js,56,js,66c21f62,Coco-Juice,2025-10-15,17:54:48,-07:00,2025-10-15T17:54:48-07:00,0,81
global.js,57,js,66c21f62,Coco-Juice,2025-10-15,17:54:48,-07:00,2025-10-15T17:54:48-07:00,0,0
global.js,58,js,0b4a6bff,Coco-Juice,2025-10-15,14:02:08,-07:00,2025-10-15T14:02:08-07:00,0,0
global.js,59,js,66c21f62,Coco-Juice,2025-10-15,17:54:48,-07:00,2025-10-15T17:54:48-07:00,0,47
global.js,60,js,0b4a6bff,Coco-Juice,2025-10-15,14:02:08,-07:00,2025-10-15T14:02:08-07:00,0,55
global.js,61,js,0b4a6bff,Coco-Juice,2025-10-15,14:02:08,-07:00,2025-10-15T14:02:08-07:00,0,75
global.js,62,js,0b4a6bff,Coco-Juice,2025-10-15,14:02:08,-07:00,2025-10-15T14:02:08-07:00,0,41
global.js,63,js,14efc9d6,Coco-Juice,2025-10-15,14:29:27,-07:00,2025-10-15T14:29:27-07:00,0,0
global.js,64,js,14efc9d6,Coco-Juice,2025-10-15,14:29:27,-07:00,2025-10-15T14:29:27-07:00,0,0
global.js,65,js,446e8541,Coco-Juice,2025-10-31,10:13:48,-07:00,2025-10-31T10:13:48-07:00,0,28
global.js,66,js,446e8541,Coco-Juice,2025-10-31,10:13:48,-07:00,2025-10-31T10:13:48-07:00,0,0
global.js,67,js,14efc9d6,Coco-Juice,2025-10-15,14:29:27,-07:00,2025-10-15T14:29:27-07:00,0,40
global.js,68,js,14efc9d6,Coco-Juice,2025-10-15,14:29:27,-07:00,2025-10-15T14:29:27-07:00,0,0
global.js,69,js,14efc9d6,Coco-Juice,2025-10-15,14:29:27,-07:00,2025-10-15T14:29:27-07:00,0,47
global.js,70,js,14efc9d6,Coco-Juice,2025-10-15,14:29:27,-07:00,2025-10-15T14:29:27-07:00,0,19
global.js,71,js,14efc9d6,Coco-Juice,2025-10-15,14:29:27,-07:00,2025-10-15T14:29:27-07:00,0,0
global.js,72,js,14efc9d6,Coco-Juice,2025-10-15,14:29:27,-07:00,2025-10-15T14:29:27-07:00,0,28
global.js,73,js,14efc9d6,Coco-Juice,2025-10-15,14:29:27,-07:00,2025-10-15T14:29:27-07:00,0,0
global.js,74,js,14efc9d6,Coco-Juice,2025-10-15,14:29:27,-07:00,2025-10-15T14:29:27-07:00,0,24
global.js,75,js,14efc9d6,Coco-Juice,2025-10-15,14:29:27,-07:00,2025-10-15T14:29:27-07:00,0,0
global.js,76,js,14efc9d6,Coco-Juice,2025-10-15,14:29:27,-07:00,2025-10-15T14:29:27-07:00,0,11
global.js,77,js,14efc9d6,Coco-Juice,2025-10-15,14:29:27,-07:00,2025-10-15T14:29:27-07:00,0,29
global.js,78,js,14efc9d6,Coco-Juice,2025-10-15,14:29:27,-07:00,2025-10-15T14:29:27-07:00,1,29
global.js,79,js,14efc9d6,Coco-Juice,2025-10-15,14:29:27,-07:00,2025-10-15T14:29:27-07:00,1,47
global.js,80,js,14efc9d6,Coco-Juice,2025-10-15,14:29:27,-07:00,2025-10-15T14:29:27-07:00,0,0
global.js,81,js,14efc9d6,Coco-Juice,2025-10-15,14:29:27,-07:00,2025-10-15T14:29:27-07:00,0,0
global.js,82,js,14efc9d6,Coco-Juice,2025-10-15,14:29:27,-07:00,2025-10-15T14:29:27-07:00,0,19
global.js,83,js,14efc9d6,Coco-Juice,2025-10-15,14:29:27,-07:00,2025-10-15T14:29:27-07:00,0,0
global.js,84,js,14efc9d6,Coco-Juice,2025-10-15,14:29:27,-07:00,2025-10-15T14:29:27-07:00,0,13
global.js,85,js,14efc9d6,Coco-Juice,2025-10-15,14:29:27,-07:00,2025-10-15T14:29:27-07:00,0,0
global.js,86,js,14efc9d6,Coco-Juice,2025-10-15,14:29:27,-07:00,2025-10-15T14:29:27-07:00,0,16
global.js,87,js,14efc9d6,Coco-Juice,2025-10-15,14:29:27,-07:00,2025-10-15T14:29:27-07:00,0,0
global.js,88,js,ec1a888e,Coco-Juice,2025-10-21,12:11:26,-07:00,2025-10-21T12:11:26-07:00,0,0
global.js,89,js,ec1a888e,Coco-Juice,2025-10-21,12:11:26,-07:00,2025-10-21T12:11:26-07:00,0,0
global.js,90,js,ec1a888e,Coco-Juice,2025-10-21,12:11:26,-07:00,2025-10-21T12:11:26-07:00,0,34
global.js,91,js,ec1a888e,Coco-Juice,2025-10-21,12:11:26,-07:00,2025-10-21T12:11:26-07:00,0,1
global.js,92,js,ec1a888e,Coco-Juice,2025-10-21,12:11:26,-07:00,2025-10-21T12:11:26-07:00,1,30
global.js,93,js,ec1a888e,Coco-Juice,2025-10-21,12:11:26,-07:00,2025-10-21T12:11:26-07:00,1,15
global.js,94,js,ec1a888e,Coco-Juice,2025-10-21,12:11:26,-07:00,2025-10-21T12:11:26-07:00,1,64
global.js,95,js,ec1a888e,Coco-Juice,2025-10-21,12:11:26,-07:00,2025-10-21T12:11:26-07:00,1,0
global.js,96,js,ec1a888e,Coco-Juice,2025-10-21,12:11:26,-07:00,2025-10-21T12:11:26-07:00,1,31
global.js,97,js,ec1a888e,Coco-Juice,2025-10-21,12:11:26,-07:00,2025-10-21T12:11:26-07:00,1,8
global.js,98,js,ec1a888e,Coco-Juice,2025-10-21,12:11:26,-07:00,2025-10-21T12:11:26-07:00,0,13
global.js,99,js,ec1a888e,Coco-Juice,2025-10-21,12:11:26,-07:00,2025-10-21T12:11:26-07:00,1,57
global.js,100,js,ec1a888e,Coco-Juice,2025-10-21,12:11:26,-07:00,2025-10-21T12:11:26-07:00,0,0
global.js,101,js,ec1a888e,Coco-Juice,2025-10-21,12:11:26,-07:00,2025-10-21T12:11:26-07:00,0,0
global.js,102,js,ec1a888e,Coco-Juice,2025-10-21,12:11:26,-07:00,2025-10-21T12:11:26-07:00,0,0
global.js,103,js,446e8541,Coco-Juice,2025-10-31,10:13:48,-07:00,2025-10-31T10:13:48-07:00,0,18
global.js,104,js,ec1a888e,Coco-Juice,2025-10-21,12:11:26,-07:00,2025-10-21T12:11:26-07:00,0,0
global.js,105,js,ec1a888e,Coco-Juice,2025-10-21,12:11:26,-07:00,2025-10-21T12:11:26-07:00,0,76
global.js,106,js,fe5e6b40,Coco-Juice,2025-10-22,19:58:43,-07:00,2025-10-22T19:58:43-07:00,0,28
global.js,107,js,2b49de22,Coco-Juice,2025-10-22,12:41:51,-07:00,2025-10-22T12:41:51-07:00,0,21
global.js,108,js,2b49de22,Coco-Juice,2025-10-22,12:41:51,-07:00,2025-10-22T12:41:51-07:00,1,46
global.js,109,js,2b49de22,Coco-Juice,2025-10-22,12:41:51,-07:00,2025-10-22T12:41:51-07:00,1,17
global.js,110,js,2b49de22,Coco-Juice,2025-10-22,12:41:51,-07:00,2025-10-22T12:41:51-07:00,1,41
global.js,111,js,2b49de22,Coco-Juice,2025-10-22,12:41:51,-07:00,2025-10-22T12:41:51-07:00,1,35
global.js,112,js,2b49de22,Coco-Juice,2025-10-22,12:41:51,-07:00,2025-10-22T12:41:51-07:00,1,19
global.js,113,js,063dccec,Coco-Juice,2025-10-27,14:26:32,-07:00,2025-10-27T14:26:32-07:00,1,15
global.js,114,js,2b49de22,Coco-Juice,2025-10-22,12:41:51,-07:00,2025-10-22T12:41:51-07:00,1,0
global.js,115,js,2b49de22,Coco-Juice,2025-10-22,12:41:51,-07:00,2025-10-22T12:41:51-07:00,1,34
global.js,116,js,2b49de22,Coco-Juice,2025-10-22,12:41:51,-07:00,2025-10-22T12:41:51-07:00,0,0
global.js,117,js,2b49de22,Coco-Juice,2025-10-22,12:41:51,-07:00,2025-10-22T12:41:51-07:00,0,0
global.js,118,js,2b49de22,Coco-Juice,2025-10-22,12:41:51,-07:00,2025-10-22T12:41:51-07:00,0,0
global.js,119,js,446e8541,Coco-Juice,2025-10-31,10:13:48,-07:00,2025-10-31T10:13:48-07:00,0,18
global.js,120,js,446e8541,Coco-Juice,2025-10-31,10:13:48,-07:00,2025-10-31T10:13:48-07:00,0,0
global.js,121,js,2b49de22,Coco-Juice,2025-10-22,12:41:51,-07:00,2025-10-22T12:41:51-07:00,0,45
global.js,122,js,9eaea951,Coco-Juice,2025-10-22,13:00:42,-07:00,2025-10-22T13:00:42-07:00,0,57
global.js,123,js,ec1a888e,Coco-Juice,2025-10-21,12:11:26,-07:00,2025-10-21T12:11:26-07:00,0,0
projects\projects.js,1,js,ec1a888e,Coco-Juice,2025-10-21,12:11:26,-07:00,2025-10-21T12:11:26-07:00,0,53
projects\projects.js,2,js,187a418d,Coco-Juice,2025-10-27,14:51:16,-07:00,2025-10-27T14:51:16-07:00,0,61
projects\projects.js,3,js,ec1a888e,Coco-Juice,2025-10-21,12:11:26,-07:00,2025-10-21T12:11:26-07:00,0,0
projects\projects.js,4,js,ec1a888e,Coco-Juice,2025-10-21,12:11:26,-07:00,2025-10-21T12:11:26-07:00,0,53
projects\projects.js,5,js,ec1a888e,Coco-Juice,2025-10-21,12:11:26,-07:00,2025-10-21T12:11:26-07:00,0,58
projects\projects.js,6,js,4e651bf2,Coco-Juice,2025-10-21,12:15:26,-07:00,2025-10-21T12:15:26-07:00,0,60
projects\projects.js,7,js,c0e43e6f,Coco-Juice,2025-10-29,12:44:54,-07:00,2025-10-29T12:44:54-07:00,0,53
projects\projects.js,8,js,c0e43e6f,Coco-Juice,2025-10-29,12:44:54,-07:00,2025-10-29T12:44:54-07:00,0,47
projects\projects.js,9,js,c0e43e6f,Coco-Juice,2025-10-29,12:44:54,-07:00,2025-10-29T12:44:54-07:00,0,57
projects\projects.js,10,js,2de18f7c,Coco-Juice,2025-10-29,13:52:33,-07:00,2025-10-29T13:52:33-07:00,0,19
projects\projects.js,11,js,4e651bf2,Coco-Juice,2025-10-21,12:15:26,-07:00,2025-10-21T12:15:26-07:00,0,0
projects\projects.js,12,js,446e8541,Coco-Juice,2025-10-31,10:13:48,-07:00,2025-10-31T10:13:48-07:00,0,40
projects\projects.js,13,js,b66cd8cc,Coco-Juice,2025-10-23,20:20:00,-07:00,2025-10-23T20:20:00-07:00,0,46
projects\projects.js,14,js,187a418d,Coco-Juice,2025-10-27,14:51:16,-07:00,2025-10-27T14:51:16-07:00,0,40
projects\projects.js,15,js,187a418d,Coco-Juice,2025-10-27,14:51:16,-07:00,2025-10-27T14:51:16-07:00,0,0
projects\projects.js,16,js,c0e43e6f,Coco-Juice,2025-10-29,12:44:54,-07:00,2025-10-29T12:44:54-07:00,0,36
projects\projects.js,17,js,c0e43e6f,Coco-Juice,2025-10-29,12:44:54,-07:00,2025-10-29T12:44:54-07:00,0,29
projects\projects.js,18,js,c0e43e6f,Coco-Juice,2025-10-29,12:44:54,-07:00,2025-10-29T12:44:54-07:00,1,10
projects\projects.js,19,js,c0e43e6f,Coco-Juice,2025-10-29,12:44:54,-07:00,2025-10-29T12:44:54-07:00,1,12
projects\projects.js,20,js,c0e43e6f,Coco-Juice,2025-10-29,12:44:54,-07:00,2025-10-29T12:44:54-07:00,1,9
projects\projects.js,21,js,c0e43e6f,Coco-Juice,2025-10-29,12:44:54,-07:00,2025-10-29T12:44:54-07:00,0,0
projects\projects.js,22,js,187a418d,Coco-Juice,2025-10-27,14:51:16,-07:00,2025-10-27T14:51:16-07:00,0,0
projects\projects.js,23,js,c0e43e6f,Coco-Juice,2025-10-29,12:44:54,-07:00,2025-10-29T12:44:54-07:00,0,51
projects\projects.js,24,js,c0e43e6f,Coco-Juice,2025-10-29,12:44:54,-07:00,2025-10-29T12:44:54-07:00,1,8
projects\projects.js,25,js,c0e43e6f,Coco-Juice,2025-10-29,12:44:54,-07:00,2025-10-29T12:44:54-07:00,1,9
projects\projects.js,26,js,c0e43e6f,Coco-Juice,2025-10-29,12:44:54,-07:00,2025-10-29T12:44:54-07:00,0,0
projects\projects.js,27,js,187a418d,Coco-Juice,2025-10-27,14:51:16,-07:00,2025-10-27T14:51:16-07:00,0,0
projects\projects.js,28,js,c0e43e6f,Coco-Juice,2025-10-29,12:44:54,-07:00,2025-10-29T12:44:54-07:00,0,53
projects\projects.js,29,js,c0e43e6f,Coco-Juice,2025-10-29,12:44:54,-07:00,2025-10-29T12:44:54-07:00,0,42
projects\projects.js,30,js,c0e43e6f,Coco-Juice,2025-10-29,12:44:54,-07:00,2025-10-29T12:44:54-07:00,0,51
projects\projects.js,31,js,187a418d,Coco-Juice,2025-10-27,14:51:16,-07:00,2025-10-27T14:51:16-07:00,0,0
projects\projects.js,32,js,446e8541,Coco-Juice,2025-10-31,10:13:48,-07:00,2025-10-31T10:13:48-07:00,0,46
projects\projects.js,33,js,2de18f7c,Coco-Juice,2025-10-29,13:52:33,-07:00,2025-10-29T13:52:33-07:00,0,26
projects\projects.js,34,js,c0e43e6f,Coco-Juice,2025-10-29,12:44:54,-07:00,2025-10-29T12:44:54-07:00,0,30
projects\projects.js,35,js,2de18f7c,Coco-Juice,2025-10-29,13:52:33,-07:00,2025-10-29T13:52:33-07:00,0,30
projects\projects.js,36,js,c0e43e6f,Coco-Juice,2025-10-29,12:44:54,-07:00,2025-10-29T12:44:54-07:00,0,27
projects\projects.js,37,js,187a418d,Coco-Juice,2025-10-27,14:51:16,-07:00,2025-10-27T14:51:16-07:00,0,0
projects\projects.js,38,js,446e8541,Coco-Juice,2025-10-31,10:13:48,-07:00,2025-10-31T10:13:48-07:00,0,21
projects\projects.js,39,js,c0e43e6f,Coco-Juice,2025-10-29,12:44:54,-07:00,2025-10-29T12:44:54-07:00,0,27
projects\projects.js,40,js,c0e43e6f,Coco-Juice,2025-10-29,12:44:54,-07:00,2025-10-29T12:44:54-07:00,1,2
projects\projects.js,41,js,187a418d,Coco-Juice,2025-10-27,14:51:16,-07:00,2025-10-27T14:51:16-07:00,1,11
projects\projects.js,42,js,187a418d,Coco-Juice,2025-10-27,14:51:16,-07:00,2025-10-27T14:51:16-07:00,1,11
projects\projects.js,43,js,2de18f7c,Coco-Juice,2025-10-29,13:52:33,-07:00,2025-10-29T13:52:33-07:00,1,22
projects\projects.js,44,js,446e8541,Coco-Juice,2025-10-31,10:13:48,-07:00,2025-10-31T10:13:48-07:00,1,33
projects\projects.js,45,js,2de18f7c,Coco-Juice,2025-10-29,13:52:33,-07:00,2025-10-29T13:52:33-07:00,1,16
projects\projects.js,46,js,2de18f7c,Coco-Juice,2025-10-29,13:52:33,-07:00,2025-10-29T13:52:33-07:00,2,45
projects\projects.js,47,js,2de18f7c,Coco-Juice,2025-10-29,13:52:33,-07:00,2025-10-29T13:52:33-07:00,2,2
projects\projects.js,48,js,446e8541,Coco-Juice,2025-10-31,10:13:48,-07:00,2025-10-31T10:13:48-07:00,2,38
projects\projects.js,49,js,2de18f7c,Coco-Juice,2025-10-29,13:52:33,-07:00,2025-10-29T13:52:33-07:00,2,14
projects\projects.js,50,js,2de18f7c,Coco-Juice,2025-10-29,13:52:33,-07:00,2025-10-29T13:52:33-07:00,2,24
projects\projects.js,51,js,2de18f7c,Coco-Juice,2025-10-29,13:52:33,-07:00,2025-10-29T13:52:33-07:00,3,35
projects\projects.js,52,js,2de18f7c,Coco-Juice,2025-10-29,13:52:33,-07:00,2025-10-29T13:52:33-07:00,2,0
projects\projects.js,53,js,2de18f7c,Coco-Juice,2025-10-29,13:52:33,-07:00,2025-10-29T13:52:33-07:00,2,2
projects\projects.js,54,js,446e8541,Coco-Juice,2025-10-31,10:13:48,-07:00,2025-10-31T10:13:48-07:00,2,43
projects\projects.js,55,js,2de18f7c,Coco-Juice,2025-10-29,13:52:33,-07:00,2025-10-29T13:52:33-07:00,2,12
projects\projects.js,56,js,2de18f7c,Coco-Juice,2025-10-29,13:52:33,-07:00,2025-10-29T13:52:33-07:00,2,24
projects\projects.js,57,js,2de18f7c,Coco-Juice,2025-10-29,13:52:33,-07:00,2025-10-29T13:52:33-07:00,3,52
projects\projects.js,58,js,2de18f7c,Coco-Juice,2025-10-29,13:52:33,-07:00,2025-10-29T13:52:33-07:00,2,0
projects\projects.js,59,js,446e8541,Coco-Juice,2025-10-31,10:13:48,-07:00,2025-10-31T10:13:48-07:00,0,0
projects\projects.js,60,js,47c7fac0,Coco-Juice,2025-10-29,14:09:25,-07:00,2025-10-29T14:09:25-07:00,2,23
projects\projects.js,61,js,446e8541,Coco-Juice,2025-10-31,10:13:48,-07:00,2025-10-31T10:13:48-07:00,3,48
projects\projects.js,62,js,47c7fac0,Coco-Juice,2025-10-29,14:09:25,-07:00,2025-10-29T14:09:25-07:00,3,46
projects\projects.js,63,js,47c7fac0,Coco-Juice,2025-10-29,14:09:25,-07:00,2025-10-29T14:09:25-07:00,3,40
projects\projects.js,64,js,47c7fac0,Coco-Juice,2025-10-29,14:09:25,-07:00,2025-10-29T14:09:25-07:00,2,4
projects\projects.js,65,js,446e8541,Coco-Juice,2025-10-31,10:13:48,-07:00,2025-10-31T10:13:48-07:00,3,62
projects\projects.js,66,js,47c7fac0,Coco-Juice,2025-10-29,14:09:25,-07:00,2025-10-29T14:09:25-07:00,3,46
projects\projects.js,67,js,47c7fac0,Coco-Juice,2025-10-29,14:09:25,-07:00,2025-10-29T14:09:25-07:00,3,65
projects\projects.js,68,js,47c7fac0,Coco-Juice,2025-10-29,14:09:25,-07:00,2025-10-29T14:09:25-07:00,3,52
projects\projects.js,69,js,47c7fac0,Coco-Juice,2025-10-29,14:09:25,-07:00,2025-10-29T14:09:25-07:00,3,46
projects\projects.js,70,js,47c7fac0,Coco-Juice,2025-10-29,14:09:25,-07:00,2025-10-29T14:09:25-07:00,2,0
projects\projects.js,71,js,2de18f7c,Coco-Juice,2025-10-29,13:52:33,-07:00,2025-10-29T13:52:33-07:00,1,0
projects\projects.js,72,js,4e27896e,Coco-Juice,2025-10-29,12:01:01,-07:00,2025-10-29T12:01:01-07:00,0,0
projects\projects.js,73,js,4e27896e,Coco-Juice,2025-10-29,12:01:01,-07:00,2025-10-29T12:01:01-07:00,0,0
projects\projects.js,74,js,446e8541,Coco-Juice,2025-10-31,10:13:48,-07:00,2025-10-31T10:13:48-07:00,0,15
projects\projects.js,75,js,c0e43e6f,Coco-Juice,2025-10-29,12:44:54,-07:00,2025-10-29T12:44:54-07:00,0,25
projects\projects.js,76,js,c0e43e6f,Coco-Juice,2025-10-29,12:44:54,-07:00,2025-10-29T12:44:54-07:00,1,2
projects\projects.js,77,js,c0e43e6f,Coco-Juice,2025-10-29,12:44:54,-07:00,2025-10-29T12:44:54-07:00,1,9
projects\projects.js,78,js,c0e43e6f,Coco-Juice,2025-10-29,12:44:54,-07:00,2025-10-29T12:44:54-07:00,1,25
projects\projects.js,79,js,c0e43e6f,Coco-Juice,2025-10-29,12:44:54,-07:00,2025-10-29T12:44:54-07:00,1,36
projects\projects.js,80,js,c0e43e6f,Coco-Juice,2025-10-29,12:44:54,-07:00,2025-10-29T12:44:54-07:00,1,67
projects\projects.js,81,js,4e27896e,Coco-Juice,2025-10-29,12:01:01,-07:00,2025-10-29T12:01:01-07:00,0,0
projects\projects.js,82,js,4e27896e,Coco-Juice,2025-10-29,12:01:01,-07:00,2025-10-29T12:01:01-07:00,0,0
projects\projects.js,83,js,4e27896e,Coco-Juice,2025-10-29,12:01:01,-07:00,2025-10-29T12:01:01-07:00,0,0
projects\projects.js,84,js,4e27896e,Coco-Juice,2025-10-29,12:01:01,-07:00,2025-10-29T12:01:01-07:00,0,21
projects\projects.js,85,js,4e27896e,Coco-Juice,2025-10-29,12:01:01,-07:00,2025-10-29T12:01:01-07:00,0,0
projects\projects.js,86,js,446e8541,Coco-Juice,2025-10-31,10:13:48,-07:00,2025-10-31T10:13:48-07:00,0,26
projects\projects.js,87,js,4e27896e,Coco-Juice,2025-10-29,12:01:01,-07:00,2025-10-29T12:01:01-07:00,0,46
projects\projects.js,88,js,c0e43e6f,Coco-Juice,2025-10-29,12:44:54,-07:00,2025-10-29T12:44:54-07:00,0,43
projects\projects.js,89,js,c0e43e6f,Coco-Juice,2025-10-29,12:44:54,-07:00,2025-10-29T12:44:54-07:00,0,51
projects\projects.js,90,js,c0e43e6f,Coco-Juice,2025-10-29,12:44:54,-07:00,2025-10-29T12:44:54-07:00,1,59
projects\projects.js,91,js,c0e43e6f,Coco-Juice,2025-10-29,12:44:54,-07:00,2025-10-29T12:44:54-07:00,1,26
projects\projects.js,92,js,c0e43e6f,Coco-Juice,2025-10-29,12:44:54,-07:00,2025-10-29T12:44:54-07:00,0,0
projects\projects.js,93,js,47c7fac0,Coco-Juice,2025-10-29,14:09:25,-07:00,2025-10-29T14:09:25-07:00,0,0
projects\projects.js,94,js,4e27896e,Coco-Juice,2025-10-29,12:01:01,-07:00,2025-10-29T12:01:01-07:00,0,54
projects\projects.js,95,js,c0e43e6f,Coco-Juice,2025-10-29,12:44:54,-07:00,2025-10-29T12:44:54-07:00,0,48
projects\projects.js,96,js,4e27896e,Coco-Juice,2025-10-29,12:01:01,-07:00,2025-10-29T12:01:01-07:00,0,29
projects\projects.js,97,js,c0e43e6f,Coco-Juice,2025-10-29,12:44:54,-07:00,2025-10-29T12:44:54-07:00,0,0
projects\index.html,1,html,744599e0,Coco-Juice,2025-09-29,12:42:28,-07:00,2025-09-29T12:42:28-07:00,0,11
projects\index.html,2,html,744599e0,Coco-Juice,2025-09-29,12:42:28,-07:00,2025-09-29T12:42:28-07:00,0,12
projects\index.html,3,html,744599e0,Coco-Juice,2025-09-29,12:42:28,-07:00,2025-09-29T12:42:28-07:00,0,2
projects\index.html,4,html,22f1d07c,Coco-Juice,2025-10-13,17:01:13,-07:00,2025-10-13T17:01:13-07:00,1,46
projects\index.html,5,html,ec1a888e,Coco-Juice,2025-10-21,12:11:26,-07:00,2025-10-21T12:11:26-07:00,1,45
projects\index.html,6,html,744599e0,Coco-Juice,2025-09-29,12:42:28,-07:00,2025-09-29T12:42:28-07:00,1,18
projects\index.html,7,html,744599e0,Coco-Juice,2025-09-29,12:42:28,-07:00,2025-09-29T12:42:28-07:00,1,66
projects\index.html,8,html,744599e0,Coco-Juice,2025-09-29,12:42:28,-07:00,2025-09-29T12:42:28-07:00,1,22
projects\index.html,9,html,31b17bc6,Coco-Juice,2025-09-29,13:41:06,-07:00,2025-09-29T13:41:06-07:00,1,39
projects\index.html,10,html,744599e0,Coco-Juice,2025-09-29,12:42:28,-07:00,2025-09-29T12:42:28-07:00,0,3
projects\index.html,11,html,744599e0,Coco-Juice,2025-09-29,12:42:28,-07:00,2025-09-29T12:42:28-07:00,0,2
projects\index.html,12,html,4e651bf2,Coco-Juice,2025-10-21,12:15:26,-07:00,2025-10-21T12:15:26-07:00,1,50
projects\index.html,13,html,dc8c0722,Coco-Juice,2025-10-27,15:09:54,-07:00,2025-10-27T15:09:54-07:00,1,19
projects\index.html,14,html,dc8c0722,Coco-Juice,2025-10-27,15:09:54,-07:00,2025-10-27T15:09:54-07:00,2,56
projects\index.html,15,html,dc8c0722,Coco-Juice,2025-10-27,15:09:54,-07:00,2025-10-27T15:09:54-07:00,2,20
projects\index.html,16,html,11986537,Coco-Juice,2025-10-08,18:01:18,-07:00,2025-10-08T18:01:18-07:00,1,2
projects\index.html,17,html,4e27896e,Coco-Juice,2025-10-29,12:01:01,-07:00,2025-10-29T12:01:01-07:00,1,0
projects\index.html,18,html,4e27896e,Coco-Juice,2025-10-29,12:01:01,-07:00,2025-10-29T12:01:01-07:00,1,2
projects\index.html,19,html,4e27896e,Coco-Juice,2025-10-29,12:01:01,-07:00,2025-10-29T12:01:01-07:00,2,13
projects\index.html,20,html,4e27896e,Coco-Juice,2025-10-29,12:01:01,-07:00,2025-10-29T12:01:01-07:00,2,9
projects\index.html,21,html,4e27896e,Coco-Juice,2025-10-29,12:01:01,-07:00,2025-10-29T12:01:01-07:00,2,24
projects\index.html,22,html,4e27896e,Coco-Juice,2025-10-29,12:01:01,-07:00,2025-10-29T12:01:01-07:00,2,29
projects\index.html,23,html,4e27896e,Coco-Juice,2025-10-29,12:01:01,-07:00,2025-10-29T12:01:01-07:00,1,0
projects\index.html,24,html,dc8c0722,Coco-Juice,2025-10-27,15:09:54,-07:00,2025-10-27T15:09:54-07:00,1,24
projects\index.html,25,html,744599e0,Coco-Juice,2025-09-29,12:42:28,-07:00,2025-09-29T12:42:28-07:00,0,3
projects\index.html,26,html,744599e0,Coco-Juice,2025-09-29,12:42:28,-07:00,2025-09-29T12:42:28-07:00,0,3
meta\index.html,1,html,2ddbae11,Coco-Juice,2025-11-05,13:04:54,-08:00,2025-11-05T13:04:54-08:00,0,11
meta\index.html,2,html,2ddbae11,Coco-Juice,2025-11-05,13:04:54,-08:00,2025-11-05T13:04:54-08:00,0,12
meta\index.html,3,html,2ddbae11,Coco-Juice,2025-11-05,13:04:54,-08:00,2025-11-05T13:04:54-08:00,0,2
meta\index.html,4,html,2ddbae11,Coco-Juice,2025-11-05,13:04:54,-08:00,2025-11-05T13:04:54-08:00,1,46
meta\index.html,5,html,2ddbae11,Coco-Juice,2025-11-05,13:04:54,-08:00,2025-11-05T13:04:54-08:00,1,18
meta\index.html,6,html,2ddbae11,Coco-Juice,2025-11-05,13:04:54,-08:00,2025-11-05T13:04:54-08:00,1,66
meta\index.html,7,html,2ddbae11,Coco-Juice,2025-11-05,13:04:54,-08:00,2025-11-05T13:04:54-08:00,1,21
meta\index.html,8,html,2ddbae11,Coco-Juice,2025-11-05,13:04:54,-08:00,2025-11-05T13:04:54-08:00,1,39
meta\index.html,9,html,2ddbae11,Coco-Juice,2025-11-05,13:04:54,-08:00,2025-11-05T13:04:54-08:00,0,3
meta\index.html,10,html,2ddbae11,Coco-Juice,2025-11-05,13:04:54,-08:00,2025-11-05T13:04:54-08:00,0,2
meta\index.html,11,html,2ddbae11,Coco-Juice,2025-11-05,13:04:54,-08:00,2025-11-05T13:04:54-08:00,1,9
meta\index.html,12,html,2ddbae11,Coco-Juice,2025-11-05,13:04:54,-08:00,2025-11-05T13:04:54-08:00,1,58
meta\index.html,13,html,2ddbae11,Coco-Juice,2025-11-05,13:04:54,-08:00,2025-11-05T13:04:54-08:00,0,3
meta\index.html,14,html,2ddbae11,Coco-Juice,2025-11-05,13:04:54,-08:00,2025-11-05T13:04:54-08:00,0,3
contacts\index.html,1,html,744599e0,Coco-Juice,2025-09-29,12:42:28,-07:00,2025-09-29T12:42:28-07:00,0,11
contacts\index.html,2,html,744599e0,Coco-Juice,2025-09-29,12:42:28,-07:00,2025-09-29T12:42:28-07:00,0,12
contacts\index.html,3,html,744599e0,Coco-Juice,2025-09-29,12:42:28,-07:00,2025-09-29T12:42:28-07:00,0,2
contacts\index.html,4,html,22f1d07c,Coco-Juice,2025-10-13,17:01:13,-07:00,2025-10-13T17:01:13-07:00,1,46
contacts\index.html,5,html,744599e0,Coco-Juice,2025-09-29,12:42:28,-07:00,2025-09-29T12:42:28-07:00,1,18
contacts\index.html,6,html,744599e0,Coco-Juice,2025-09-29,12:42:28,-07:00,2025-09-29T12:42:28-07:00,1,66
contacts\index.html,7,html,744599e0,Coco-Juice,2025-09-29,12:42:28,-07:00,2025-09-29T12:42:28-07:00,1,22
contacts\index.html,8,html,31b17bc6,Coco-Juice,2025-09-29,13:41:06,-07:00,2025-09-29T13:41:06-07:00,1,39
contacts\index.html,9,html,744599e0,Coco-Juice,2025-09-29,12:42:28,-07:00,2025-09-29T12:42:28-07:00,0,3
contacts\index.html,10,html,744599e0,Coco-Juice,2025-09-29,12:42:28,-07:00,2025-09-29T12:42:28-07:00,0,2
contacts\index.html,11,html,744599e0,Coco-Juice,2025-09-29,12:42:28,-07:00,2025-09-29T12:42:28-07:00,1,13
contacts\index.html,12,html,14efc9d6,Coco-Juice,2025-10-15,14:29:27,-07:00,2025-10-15T14:29:27-07:00,1,52
contacts\index.html,13,html,9940e74a,Coco-Juice,2025-09-29,13:08:12,-07:00,2025-09-29T13:08:12-07:00,2,19
contacts\index.html,14,html,9940e74a,Coco-Juice,2025-09-29,13:08:12,-07:00,2025-09-29T13:08:12-07:00,2,18
contacts\index.html,15,html,21449937,Coco-Juice,2025-10-07,19:49:46,-07:00,2025-10-07T19:49:46-07:00,2,19
contacts\index.html,16,html,9940e74a,Coco-Juice,2025-09-29,13:08:12,-07:00,2025-09-29T13:08:12-07:00,2,29
contacts\index.html,17,html,9940e74a,Coco-Juice,2025-09-29,13:08:12,-07:00,2025-09-29T13:08:12-07:00,2,19
contacts\index.html,18,html,9940e74a,Coco-Juice,2025-09-29,13:08:12,-07:00,2025-09-29T13:08:12-07:00,1,3
contacts\index.html,19,html,744599e0,Coco-Juice,2025-09-29,12:42:28,-07:00,2025-09-29T12:42:28-07:00,0,3
contacts\index.html,20,html,744599e0,Coco-Juice,2025-09-29,12:42:28,-07:00,2025-09-29T12:42:28-07:00,0,3
